date,sector,year,month,quarter,month_name,yearmonth,avg_close,avg_daily_return,total_volume,avg_volatility,stock_count
2023-01-03,Banking,2023,1,1,Jan,2023-01,49.388,-0.0055283464929345,7920527,,5
2023-01-03,Cement,2023,1,1,Jan,2023-01,145.7575,-0.027553145877451196,2974412,,4
2023-01-03,Energy,2023,1,1,Jan,2023-01,58.641999999999996,0.005129684418380509,28528520,,5
2023-01-03,Fertilizer,2023,1,1,Jan,2023-01,71.6075,-0.002720297636107677,1461451,,4
2023-01-03,Technology,2023,1,1,Jan,2023-01,168.9325,-0.004231303855913693,6935004,,4
2023-01-04,Banking,2023,1,1,Jan,2023-01,49.226,-0.0007705289080087496,3200000,0.005983793050263619,5
2023-01-04,Cement,2023,1,1,Jan,2023-01,145.89,-0.0035506045825139665,4248020,0.01697235971536025,4
2023-01-04,Energy,2023,1,1,Jan,2023-01,58.222,0.001875893899341552,27544457,0.022753169281460796,5
2023-01-04,Fertilizer,2023,1,1,Jan,2023-01,71.925,0.0012854843758909884,1365693,0.005779465982131804,4
2023-01-04,Technology,2023,1,1,Jan,2023-01,169.4375,0.0005963104253387808,8311691,0.0076190453095194705,4
2023-01-05,Banking,2023,1,1,Jan,2023-01,49.27,0.001254177967933634,600113,0.00759430390133254,5
2023-01-05,Cement,2023,1,1,Jan,2023-01,145.535,-0.00058297854037892,1039863,0.017297497608968704,4
2023-01-05,Energy,2023,1,1,Jan,2023-01,58.364,-0.0013105050689252717,18090777,0.025164524825653067,5
2023-01-05,Fertilizer,2023,1,1,Jan,2023-01,73.20750000000001,0.0063902566472731626,1373957,0.00872404651406164,4
2023-01-05,Technology,2023,1,1,Jan,2023-01,171.03,0.004267139925426905,2376393,0.008363911036874594,4
2023-01-06,Banking,2023,1,1,Jan,2023-01,48.774,-0.01042687592187017,682362,0.007828434116555073,5
2023-01-06,Cement,2023,1,1,Jan,2023-01,146.425,0.01020629187608324,3622651,0.01794651802361745,4
2023-01-06,Energy,2023,1,1,Jan,2023-01,60.20799999999999,0.029627559287158302,26871641,0.028354857077536592,5
2023-01-06,Fertilizer,2023,1,1,Jan,2023-01,74.3825,0.0016457328206837818,1833514,0.008674074613316747,4
2023-01-06,Technology,2023,1,1,Jan,2023-01,174.51,0.022607010708178832,10242219,0.01330330890344113,4
2023-01-09,Banking,2023,1,1,Jan,2023-01,47.867999999999995,-0.020541802718120006,2204873,0.011319253250977044,5
2023-01-09,Cement,2023,1,1,Jan,2023-01,142.73,-0.03039129173807939,4577872,0.02047980998403001,4
2023-01-09,Energy,2023,1,1,Jan,2023-01,61.388,0.01829709309729779,34451300,0.025645084707624645,5
2023-01-09,Fertilizer,2023,1,1,Jan,2023-01,73.1025,-0.02660130660523602,1046742,0.015071469965449669,4
2023-01-09,Technology,2023,1,1,Jan,2023-01,170.69,-0.029654007703140667,12190571,0.02048144621018447,4
2023-01-10,Banking,2023,1,1,Jan,2023-01,48.228,0.008190870128478633,1077328,0.012915459241682112,5
2023-01-10,Cement,2023,1,1,Jan,2023-01,147.4425,0.030520434164526045,7998412,0.025384483527549396,4
2023-01-10,Energy,2023,1,1,Jan,2023-01,60.878,-0.012058127362878123,22940378,0.025137712384750717,5
2023-01-10,Fertilizer,2023,1,1,Jan,2023-01,73.44999999999999,0.001052867692001913,3150779,0.014406145444770629,4
2023-01-10,Technology,2023,1,1,Jan,2023-01,173.31,0.01905585044108693,7821602,0.02082696518832467,4
2023-01-11,Banking,2023,1,1,Jan,2023-01,48.03,-0.0027343873735773184,588656,0.012218868776131899,5
2023-01-11,Cement,2023,1,1,Jan,2023-01,145.7675,-0.021444629733556653,7314167,0.024249557114733068,4
2023-01-11,Energy,2023,1,1,Jan,2023-01,62.75999999999999,0.04073771714676191,56105530,0.0263375091434717,5
2023-01-11,Fertilizer,2023,1,1,Jan,2023-01,73.375,-0.0010298041506277,1510774,0.013812460239761843,4
2023-01-11,Technology,2023,1,1,Jan,2023-01,172.005,-0.011978471983596695,3525577,0.019814734062668884,4
2023-01-12,Banking,2023,1,1,Jan,2023-01,47.980000000000004,-0.0006697611886313127,740737,0.011455641226606155,5
2023-01-12,Cement,2023,1,1,Jan,2023-01,147.2875,0.02248854995229027,12426087,0.024931043908559797,4
2023-01-12,Energy,2023,1,1,Jan,2023-01,62.246,-0.012241864176130424,19589042,0.025836026153947166,5
2023-01-12,Fertilizer,2023,1,1,Jan,2023-01,72.9325,-0.00437246028822863,1384810,0.013185494684373897,4
2023-01-12,Technology,2023,1,1,Jan,2023-01,171.91250000000002,-0.004383859913248578,4379700,0.018449964553206813,4
2023-01-13,Banking,2023,1,1,Jan,2023-01,47.718,-0.005956344690692261,302882,0.010761257827402514,5
2023-01-13,Cement,2023,1,1,Jan,2023-01,144.69000000000003,-0.01986957512054971,3512280,0.024054164385747544,4
2023-01-13,Energy,2023,1,1,Jan,2023-01,59.48199999999999,-0.04452825879265414,23780918,0.03050514175904754,5
2023-01-13,Fertilizer,2023,1,1,Jan,2023-01,72.5075,-0.008606441536511272,851698,0.012526630484811554,4
2023-01-13,Technology,2023,1,1,Jan,2023-01,169.9625,-0.020331543194702317,3771397,0.0185646519682795,4
2023-01-16,Banking,2023,1,1,Jan,2023-01,47.408,-0.006486023619410331,441028,0.01029422995151327,5
2023-01-16,Cement,2023,1,1,Jan,2023-01,141.6275,-0.025240388470675,4307719,0.023698445808434693,4
2023-01-16,Energy,2023,1,1,Jan,2023-01,57.116,-0.04785103518409752,16007348,0.03317309800730327,5
2023-01-16,Fertilizer,2023,1,1,Jan,2023-01,71.7375,-0.006653056482140873,761534,0.012134908302625315,4
2023-01-16,Technology,2023,1,1,Jan,2023-01,165.935,-0.03152231289367427,5770854,0.019915807014277316,4
2023-01-17,Banking,2023,1,1,Jan,2023-01,46.696000000000005,-0.014705025823106177,2319383,0.010513271038630359,5
2023-01-17,Cement,2023,1,1,Jan,2023-01,132.1175,-0.059692767017180653,10141826,0.028286228527633003,4
2023-01-17,Energy,2023,1,1,Jan,2023-01,53.266,-0.06469929425602002,28068941,0.03716169678799206,5
2023-01-17,Fertilizer,2023,1,1,Jan,2023-01,69.51,-0.03591892266138047,2446037,0.015444275457444253,4
2023-01-17,Technology,2023,1,1,Jan,2023-01,155.2825,-0.06954573773560482,8461822,0.02735499714454165,4
2023-01-18,Banking,2023,1,1,Jan,2023-01,47.068,0.005460986948629154,4683345,0.010893254652275088,5
2023-01-18,Cement,2023,1,1,Jan,2023-01,134.625,0.015476580913901417,2692881,0.02813474661489859,4
2023-01-18,Energy,2023,1,1,Jan,2023-01,54.52,0.030127603489138455,19441360,0.037207685389753706,5
2023-01-18,Fertilizer,2023,1,1,Jan,2023-01,70.775,0.022534229734483213,1211187,0.017268615388592916,4
2023-01-18,Technology,2023,1,1,Jan,2023-01,162.945,0.03371895206780759,15053842,0.030235869044027204,4
2023-01-19,Banking,2023,1,1,Jan,2023-01,46.802,-0.003524248229303728,2403806,0.010575170420406945,5
2023-01-19,Cement,2023,1,1,Jan,2023-01,132.1525,-0.012177191746129301,2503477,0.027522941912387654,4
2023-01-19,Energy,2023,1,1,Jan,2023-01,56.50599999999999,0.04460666320071116,40458041,0.03819673624141605,5
2023-01-19,Fertilizer,2023,1,1,Jan,2023-01,70.425,0.0008582075845261494,856723,0.016825751624471745,4
2023-01-19,Technology,2023,1,1,Jan,2023-01,164.475,0.013603736766575197,15733622,0.030315081348453968,4
2023-01-20,Banking,2023,1,1,Jan,2023-01,46.446,-0.0054652787105500256,1470717,0.010347282642465443,5
2023-01-20,Cement,2023,1,1,Jan,2023-01,128.79500000000002,-0.028938229054214143,3736034,0.02704677203006356,4
2023-01-20,Energy,2023,1,1,Jan,2023-01,55.08,-0.019835908461485908,16058711,0.037257902966051776,5
2023-01-20,Fertilizer,2023,1,1,Jan,2023-01,70.2725,0.00020548913702392313,1291182,0.016310475633027514,4
2023-01-20,Technology,2023,1,1,Jan,2023-01,161.88,-0.03199115620579046,6020108,0.03005294200270891,4
2023-01-23,Banking,2023,1,1,Jan,2023-01,46.269999999999996,-0.0011418578857793626,655195,0.010414550483246783,5
2023-01-23,Cement,2023,1,1,Jan,2023-01,130.2875,0.010055997910115966,1031589,0.026756267695483574,4
2023-01-23,Energy,2023,1,1,Jan,2023-01,55.722,0.017146853605155242,11295635,0.036323948756545835,5
2023-01-23,Fertilizer,2023,1,1,Jan,2023-01,69.985,0.004890783876934646,849207,0.01641483236518983,4
2023-01-23,Technology,2023,1,1,Jan,2023-01,162.9175,0.006399372115998531,9829791,0.02927553825620784,4
2023-01-24,Banking,2023,1,1,Jan,2023-01,46.568,0.005834673234973864,2260591,0.010605162395923979,5
2023-01-24,Cement,2023,1,1,Jan,2023-01,133.3675,0.03986717910514975,19327558,0.028875854515626638,4
2023-01-24,Energy,2023,1,1,Jan,2023-01,57.312,0.029306910799715834,31094572,0.03595430657403557,5
2023-01-24,Fertilizer,2023,1,1,Jan,2023-01,71.49,0.007776218697245596,2225057,0.016854599848181044,4
2023-01-24,Technology,2023,1,1,Jan,2023-01,165.0575,0.05173444809600025,12505037,0.03336469964390439,4
2023-01-25,Banking,2023,1,1,Jan,2023-01,48.356,0.03404903010222706,8247454,0.015503874768106779,5
2023-01-25,Cement,2023,1,1,Jan,2023-01,135.01500000000001,0.015722349684929082,12655417,0.028653434294768493,4
2023-01-25,Energy,2023,1,1,Jan,2023-01,58.712,0.03231563680989687,38559670,0.03589903393897651,5
2023-01-25,Fertilizer,2023,1,1,Jan,2023-01,73.67500000000001,0.006171064297277179,3552323,0.017252658098682688,4
2023-01-25,Technology,2023,1,1,Jan,2023-01,165.89499999999998,0.020453557087174362,19152001,0.032998344402991237,4
2023-01-26,Banking,2023,1,1,Jan,2023-01,50.166,0.03634068021117134,14462695,0.01781416450609133,5
2023-01-26,Cement,2023,1,1,Jan,2023-01,139.27,0.048749943117730066,29143740,0.030717327457569076,4
2023-01-26,Energy,2023,1,1,Jan,2023-01,59.224000000000004,0.0048431104137858,34086152,0.03499635038852217,5
2023-01-26,Fertilizer,2023,1,1,Jan,2023-01,76.3075,0.02592032054247201,6268184,0.018830575993092142,4
2023-01-26,Technology,2023,1,1,Jan,2023-01,166.9925,0.01490601883083037,18846812,0.03232040102961278,4
2023-01-27,Banking,2023,1,1,Jan,2023-01,50.298,0.0053783478999377635,10724826,0.017809924606608272,5
2023-01-27,Cement,2023,1,1,Jan,2023-01,136.225,-0.03156861502192662,8927909,0.030698366444955688,4
2023-01-27,Energy,2023,1,1,Jan,2023-01,58.626,-0.014871718197100514,14937160,0.034354212581608444,5
2023-01-27,Fertilizer,2023,1,1,Jan,2023-01,75.03999999999999,-0.010394323708433184,2882107,0.018692946497391234,4
2023-01-27,Technology,2023,1,1,Jan,2023-01,163.305,-0.024521444005685344,7651301,0.03201276686027576,4
2023-01-30,Banking,2023,1,1,Jan,2023-01,49.408,-0.015970101752435094,4959289,0.01793742670846652,5
2023-01-30,Cement,2023,1,1,Jan,2023-01,133.8225,-0.033202328768764416,7710884,0.030733690386927238,4
2023-01-30,Energy,2023,1,1,Jan,2023-01,58.105999999999995,-0.009624056023335981,15385747,0.03365103879110793,5
2023-01-30,Fertilizer,2023,1,1,Jan,2023-01,73.88,-0.010904586064934663,3215959,0.018804974489456203,4
2023-01-30,Technology,2023,1,1,Jan,2023-01,159.9525,-0.02061683703697989,4287715,0.031452936269399843,4
2023-01-31,Banking,2023,1,1,Jan,2023-01,50.019999999999996,0.012805610377777365,4736976,0.018188017966002834,5
2023-01-31,Cement,2023,1,1,Jan,2023-01,138.505,0.03179337075802202,10872796,0.031081525798334928,4
2023-01-31,Energy,2023,1,1,Jan,2023-01,58.928,0.016315186326330444,20173996,0.03296898989827374,5
2023-01-31,Fertilizer,2023,1,1,Jan,2023-01,76.26,0.015967274649221097,4274775,0.01889148954041923,4
2023-01-31,Technology,2023,1,1,Jan,2023-01,162.3725,0.0139245500943041,6020009,0.0308964800382547,4
2023-02-01,Banking,2023,2,1,Feb,2023-02,50.29,0.006809810075874889,6946984,0.017928879889332592,5
2023-02-01,Cement,2023,2,1,Feb,2023-02,138.21750000000003,0.009206807407392575,8908211,0.030526565154509418,4
2023-02-01,Energy,2023,2,1,Feb,2023-02,58.576,-0.005624186899889039,17686426,0.03223543863545544,5
2023-02-01,Fertilizer,2023,2,1,Feb,2023-02,76.0225,-0.004138253932346431,1986354,0.018478601195103996,4
2023-02-01,Technology,2023,2,1,Feb,2023-02,161.4775,-0.002377834641960369,4593874,0.03023492417663627,4
2023-02-02,Banking,2023,2,1,Feb,2023-02,50.416,0.0033282066347729124,4617154,0.01756152357317157,5
2023-02-02,Cement,2023,2,1,Feb,2023-02,141.1675,0.005824395077250105,4192287,0.030117514279259426,4
2023-02-02,Energy,2023,2,1,Feb,2023-02,58.152,-0.007101066687145874,19790484,0.03156892069123868,5
2023-02-02,Fertilizer,2023,2,1,Feb,2023-02,77.30250000000001,0.0025395545641193895,4728329,0.01820843700272089,4
2023-02-02,Technology,2023,2,1,Feb,2023-02,163.1325,0.0011586890546959883,5014684,0.029637919265249432,4
2023-02-03,Banking,2023,2,1,Feb,2023-02,50.138,-0.007883848090451551,2155648,0.017408391494754604,5
2023-02-03,Cement,2023,2,1,Feb,2023-02,139.86749999999998,-0.010711332870773999,2383851,0.02950857598004597,4
2023-02-03,Energy,2023,2,1,Feb,2023-02,57.666,-0.01315037771448091,6705670,0.031073798156442567,5
2023-02-03,Fertilizer,2023,2,1,Feb,2023-02,76.27,-0.0091107969466728,2439300,0.017964191039871954,4
2023-02-03,Technology,2023,2,1,Feb,2023-02,161.32999999999998,-0.004482931745287272,7923040,0.0290534360044018,4
2023-02-06,Banking,2023,2,1,Feb,2023-02,50.664,0.01020928194837616,5766274,0.017221239338279678,5
2023-02-06,Cement,2023,2,1,Feb,2023-02,143.3225,0.021964932826709804,5226563,0.02934312275374979,4
2023-02-06,Energy,2023,2,1,Feb,2023-02,61.862,0.07685843750268932,57035204,0.03408200001070516,5
2023-02-06,Fertilizer,2023,2,1,Feb,2023-02,76.44,0.005276684842322105,1894825,0.017741402465370194,4
2023-02-06,Technology,2023,2,1,Feb,2023-02,163.2475,0.01721498945792771,7044256,0.02871950706427057,4
2023-02-07,Banking,2023,2,1,Feb,2023-02,51.094,0.009781150164542219,5384092,0.017592611602363334,5
2023-02-07,Cement,2023,2,1,Feb,2023-02,142.24,-0.00758178617110028,6993123,0.028783371977352732,4
2023-02-07,Energy,2023,2,1,Feb,2023-02,62.767999999999994,0.017054451954285944,81105007,0.03401483151354611,5
2023-02-07,Fertilizer,2023,2,1,Feb,2023-02,75.9,0.00027075346660623834,2226567,0.01751712851946882,4
2023-02-07,Technology,2023,2,1,Feb,2023-02,170.89749999999998,0.03539515226106388,20258120,0.02933969399282448,4
2023-02-08,Banking,2023,2,1,Feb,2023-02,51.004000000000005,-0.003372619924307396,12134085,0.017641424763657758,5
2023-02-08,Cement,2023,2,1,Feb,2023-02,142.7225,0.003439653164578449,4143183,0.028245061893433305,4
2023-02-08,Energy,2023,2,1,Feb,2023-02,62.64,-0.005507097886074419,52267327,0.0334519152974338,5
2023-02-08,Fertilizer,2023,2,1,Feb,2023-02,75.815,-0.004216395753911223,1600879,0.01729070779609044,4
2023-02-08,Technology,2023,2,1,Feb,2023-02,173.7725,0.0055175831519241325,13379175,0.028930067561757523,4
2023-02-09,Banking,2023,2,1,Feb,2023-02,52.26400000000001,0.02143959101311239,9303543,0.01786182206912575,5
2023-02-09,Cement,2023,2,1,Feb,2023-02,147.16,0.041949240096907536,29493930,0.028989029982635257,4
2023-02-09,Energy,2023,2,1,Feb,2023-02,65.172,0.03896546728614889,47336204,0.03356305621465795,5
2023-02-09,Fertilizer,2023,2,1,Feb,2023-02,76.545,0.015300752990716537,7640760,0.01745267616530866,4
2023-02-09,Technology,2023,2,1,Feb,2023-02,173.6925,0.013167766603176118,12331400,0.02862112693302245,4
2023-02-10,Banking,2023,2,1,Feb,2023-02,51.35,-0.0191332642963691,8423827,0.01832583457916504,5
2023-02-10,Cement,2023,2,1,Feb,2023-02,142.4675,-0.022546451587591554,13880810,0.028865670564375962,4
2023-02-10,Energy,2023,2,1,Feb,2023-02,62.31,-0.03870763575996421,88582244,0.034047847315989574,5
2023-02-10,Fertilizer,2023,2,1,Feb,2023-02,75.2575,-0.01866676337259973,3243025,0.017526391084866883,4
2023-02-10,Technology,2023,2,1,Feb,2023-02,171.4875,-0.020767702717276543,8866058,0.02841586848206325,4
2023-02-13,Banking,2023,2,1,Feb,2023-02,51.227999999999994,-0.002643543677210958,3471326,0.018045404443826244,5
2023-02-13,Cement,2023,2,1,Feb,2023-02,143.2875,0.007113982687287773,10478289,0.028410544094822812,4
2023-02-13,Energy,2023,2,1,Feb,2023-02,62.767999999999994,0.027880215363902283,64866329,0.03459444289135276,5
2023-02-13,Fertilizer,2023,2,1,Feb,2023-02,75.85249999999999,-0.002243613407366535,1914499,0.017312097685272854,4
2023-02-13,Technology,2023,2,1,Feb,2023-02,167.62,-0.016770406109899383,5115176,0.028154500357180017,4
2023-02-14,Banking,2023,2,1,Feb,2023-02,50.452,-0.012703382388522467,1348986,0.018261427790116885,5
2023-02-14,Cement,2023,2,1,Feb,2023-02,140.72,-0.02613285656708894,9737500,0.028420920283781972,4
2023-02-14,Energy,2023,2,1,Feb,2023-02,60.59400000000001,-0.0479648150808049,51796194,0.036038443118924825,5
2023-02-14,Fertilizer,2023,2,1,Feb,2023-02,75.6825,-0.00031415548803978566,3348431,0.017533528795882734,4
2023-02-14,Technology,2023,2,1,Feb,2023-02,161.195,-0.04665184800708985,12886299,0.029704121348175995,4
2023-02-15,Banking,2023,2,1,Feb,2023-02,51.326,0.01531321553150251,4232320,0.018428012290783252,5
2023-02-15,Cement,2023,2,1,Feb,2023-02,142.67999999999998,0.015961646212150182,8763857,0.028458730754079255,4
2023-02-15,Energy,2023,2,1,Feb,2023-02,61.00599999999999,0.00527470707357347,21173556,0.03550664548034275,5
2023-02-15,Fertilizer,2023,2,1,Feb,2023-02,75.845,0.0016161413237365807,2530375,0.017485249459304714,4
2023-02-15,Technology,2023,2,1,Feb,2023-02,164.4325,0.010230332051812285,9482926,0.029814626435980426,4
2023-02-16,Banking,2023,2,1,Feb,2023-02,51.018,-0.005715861554093782,2187510,0.01851675041516656,5
2023-02-16,Cement,2023,2,1,Feb,2023-02,140.0675,-0.01523692710268651,15891076,0.02866039125907485,4
2023-02-16,Energy,2023,2,1,Feb,2023-02,59.86,-0.018460932673223285,16626636,0.03557880668620241,5
2023-02-16,Fertilizer,2023,2,1,Feb,2023-02,76.13250000000001,-0.0021163960679174976,6844753,0.017366112340709543,4
2023-02-16,Technology,2023,2,1,Feb,2023-02,165.21249999999998,0.0048017566807327106,8912944,0.029895107314555528,4
2023-02-17,Banking,2023,2,1,Feb,2023-02,51.129999999999995,0.00445063924989757,1822755,0.01846819946805183,5
2023-02-17,Cement,2023,2,1,Feb,2023-02,140.15,-0.002083065366785569,3437768,0.028559876614059794,4
2023-02-17,Energy,2023,2,1,Feb,2023-02,59.35,-0.003527973162804332,12901434,0.03512443568529049,5
2023-02-17,Fertilizer,2023,2,1,Feb,2023-02,76.4175,0.0013086297069452024,6302076,0.017226509166563368,4
2023-02-17,Technology,2023,2,1,Feb,2023-02,166.9025,0.0002777358350545822,6182870,0.02962705711789498,4
2023-02-20,Banking,2023,2,1,Feb,2023-02,50.620000000000005,-0.010215170108282856,925678,0.017947234270564306,5
2023-02-20,Cement,2023,2,1,Feb,2023-02,138.8475,-0.013360291464625945,4277314,0.02807785300242773,4
2023-02-20,Energy,2023,2,1,Feb,2023-02,56.872,-0.04205132623640009,13646603,0.03578878990885642,5
2023-02-20,Fertilizer,2023,2,1,Feb,2023-02,76.03,-0.008489994514622679,3236473,0.016443301859004746,4
2023-02-20,Technology,2023,2,1,Feb,2023-02,167.60000000000002,-0.011750431025764646,5876360,0.02922263319941057,4
2023-02-21,Banking,2023,2,1,Feb,2023-02,50.68,0.0012784723731222637,753666,0.017858745096944555,5
2023-02-21,Cement,2023,2,1,Feb,2023-02,140.545,0.015834924775087356,2895115,0.0276028740981019,4
2023-02-21,Energy,2023,2,1,Feb,2023-02,57.492000000000004,0.0052624732973999945,8957434,0.035764983352594495,5
2023-02-21,Fertilizer,2023,2,1,Feb,2023-02,75.97,-0.0018691232118013823,1363280,0.016395978007417045,4
2023-02-21,Technology,2023,2,1,Feb,2023-02,171.05,0.02194052954935105,14991577,0.0292407004596679,4
2023-02-22,Banking,2023,2,1,Feb,2023-02,51.94200000000001,0.019149372856332426,4832318,0.01860412318414156,5
2023-02-22,Cement,2023,2,1,Feb,2023-02,142.4975,0.03223832571876556,27758634,0.02817777574705567,4
2023-02-22,Energy,2023,2,1,Feb,2023-02,57.314,0.002170995992477409,20934647,0.03493887114172176,5
2023-02-22,Fertilizer,2023,2,1,Feb,2023-02,75.8975,-0.00186904013527317,1177566,0.01632212764214319,4
2023-02-22,Technology,2023,2,1,Feb,2023-02,171.4375,0.005558123962334599,6683585,0.029248277556965113,4
2023-02-23,Banking,2023,2,1,Feb,2023-02,51.501999999999995,-0.007319244711543505,3032623,0.018785219827091144,5
2023-02-23,Cement,2023,2,1,Feb,2023-02,141.26000000000002,-0.01491783207855521,14235067,0.027995033268680247,4
2023-02-23,Energy,2023,2,1,Feb,2023-02,56.182,-0.006865451313199977,17950866,0.035260794170713955,5
2023-02-23,Fertilizer,2023,2,1,Feb,2023-02,75.68,-0.002902608985466182,1629440,0.016296693993588723,4
2023-02-23,Technology,2023,2,1,Feb,2023-02,169.4425,-0.01375923906202453,4842861,0.029345086132566624,4
2023-02-24,Banking,2023,2,1,Feb,2023-02,50.694,-0.015329614779486444,3576868,0.019160109931187413,5
2023-02-24,Cement,2023,2,1,Feb,2023-02,142.20000000000002,0.013274070777854391,12930264,0.027916974637320336,4
2023-02-24,Energy,2023,2,1,Feb,2023-02,55.196000000000005,-0.021241548198455494,12924651,0.03447225604174736,5
2023-02-24,Fertilizer,2023,2,1,Feb,2023-02,75.71,-0.001990654614897641,3587472,0.016231144253262924,4
2023-02-24,Technology,2023,2,1,Feb,2023-02,168.2725,-0.02417410266621081,6127048,0.02952230623280517,4
2023-02-27,Banking,2023,2,1,Feb,2023-02,51.646,0.013854645707972546,9899072,0.01936807029084698,5
2023-02-27,Cement,2023,2,1,Feb,2023-02,141.895,0.003621698063576484,6087477,0.027468583294006508,4
2023-02-27,Energy,2023,2,1,Feb,2023-02,54.18000000000001,-0.014689630683457388,9951823,0.03335171214535557,5
2023-02-27,Fertilizer,2023,2,1,Feb,2023-02,75.6,-0.0023303953362530105,1271832,0.016166161457379986,4
2023-02-27,Technology,2023,2,1,Feb,2023-02,168.2525,0.0019417123367950484,4474084,0.02886931898675077,4
2023-02-28,Banking,2023,2,1,Feb,2023-02,51.76800000000001,0.005612156205362396,6193271,0.019212650635350305,5
2023-02-28,Cement,2023,2,1,Feb,2023-02,141.3725,-0.008622709875530099,4132171,0.024722212740095832,4
2023-02-28,Energy,2023,2,1,Feb,2023-02,51.946000000000005,-0.03860713798192539,13244824,0.0318631963341888,5
2023-02-28,Fertilizer,2023,2,1,Feb,2023-02,75.7975,-0.0025208759436265438,2392409,0.01429570869514092,4
2023-02-28,Technology,2023,2,1,Feb,2023-02,164.1225,-0.017890458078660493,5706776,0.0260761653805414,4
2023-03-01,Banking,2023,3,1,Mar,2023-03,51.806,0.001581362448432344,11673782,0.01920820414192294,5
2023-03-01,Cement,2023,3,1,Mar,2023-03,139.3725,-0.0151592945744288,9533795,0.02482608506820035,4
2023-03-01,Energy,2023,3,1,Mar,2023-03,51.42999999999999,-0.011645009399666284,17048734,0.03150062521969095,5
2023-03-01,Fertilizer,2023,3,1,Mar,2023-03,75.6575,-0.0030292662326670827,3748241,0.013249931199724606,4
2023-03-01,Technology,2023,3,1,Mar,2023-03,164.2225,0.007811588017369919,9348426,0.024749254955426882,4
2023-03-02,Banking,2023,3,1,Mar,2023-03,52.614,0.013342555158379055,7652120,0.019239134384433584,5
2023-03-02,Cement,2023,3,1,Mar,2023-03,137.35,-0.00376968902487701,10955713,0.024895928289737544,4
2023-03-02,Energy,2023,3,1,Mar,2023-03,51.598,0.0038274194890767,11638200,0.03035266951053328,5
2023-03-02,Fertilizer,2023,3,1,Mar,2023-03,76.55250000000001,0.007136068645265725,4360491,0.013262689193744341,4
2023-03-02,Technology,2023,3,1,Mar,2023-03,162.13500000000002,-0.015198022568266106,5642124,0.02443899827195682,4
2023-03-03,Banking,2023,3,1,Mar,2023-03,53.212,0.012236891619817314,5777341,0.019236947425260914,5
2023-03-03,Cement,2023,3,1,Mar,2023-03,139.91,0.019235963247336896,8369984,0.024440266412327424,4
2023-03-03,Energy,2023,3,1,Mar,2023-03,55.196000000000005,0.0647005427667517,31192280,0.032491456072818475,5
2023-03-03,Fertilizer,2023,3,1,Mar,2023-03,76.17,0.001295567915165663,3698405,0.0132654010989187,4
2023-03-03,Technology,2023,3,1,Mar,2023-03,165.63,0.03471090908254393,8686361,0.02471002546126806,4
2023-03-06,Banking,2023,3,1,Mar,2023-03,53.022000000000006,-0.0014699144539852328,3618582,0.01915331758932181,5
2023-03-06,Cement,2023,3,1,Mar,2023-03,142.2675,0.01721852244967076,9014653,0.02447121532257705,4
2023-03-06,Energy,2023,3,1,Mar,2023-03,55.396,0.0027610865361486826,25444065,0.03247898132268292,5
2023-03-06,Fertilizer,2023,3,1,Mar,2023-03,75.89,-0.00014455544920438657,1277173,0.012942195553134736,4
2023-03-06,Technology,2023,3,1,Mar,2023-03,220.62,0.017833001641654505,9431498,0.023447586842404014,3
2023-03-07,Banking,2023,3,1,Mar,2023-03,52.94200000000001,-0.0016786327474091812,4377948,0.019322408380058095,5
2023-03-07,Cement,2023,3,1,Mar,2023-03,144.16,0.02453387921811012,16398196,0.0238373138106664,4
2023-03-07,Energy,2023,3,1,Mar,2023-03,54.779999999999994,-0.011509713272309697,10394663,0.03203893010967225,5
2023-03-07,Fertilizer,2023,3,1,Mar,2023-03,75.8225,-0.0015987890859144593,2530005,0.012382471383683681,4
2023-03-07,Technology,2023,3,1,Mar,2023-03,167.73250000000002,0.00879400245269854,27396807,0.023682852580185373,4
2023-03-08,Banking,2023,3,1,Mar,2023-03,53.33,0.006507936426469896,8587152,0.017768119636786935,5
2023-03-08,Cement,2023,3,1,Mar,2023-03,144.74249999999998,-0.005208322551869399,10506430,0.02372112213613774,4
2023-03-08,Energy,2023,3,1,Mar,2023-03,54.818000000000005,0.003279286732438402,14045475,0.03132424719918679,5
2023-03-08,Fertilizer,2023,3,1,Mar,2023-03,75.74,-0.00328562786349737,2335079,0.011716271079554218,4
2023-03-08,Technology,2023,3,1,Mar,2023-03,167.9425,-0.009951430708486975,10077035,0.022329223168145833,4
2023-03-09,Banking,2023,3,1,Mar,2023-03,53.477999999999994,0.0032425552225805454,8763117,0.016357331486846,5
2023-03-09,Cement,2023,3,1,Mar,2023-03,147.78,0.03435537953836282,23307826,0.0229057045668395,4
2023-03-09,Energy,2023,3,1,Mar,2023-03,55.648,0.017925010091670447,12204203,0.03149304247240668,5
2023-03-09,Fertilizer,2023,3,1,Mar,2023-03,75.9025,0.009826959299973875,963478,0.010633830012635482,4
2023-03-09,Technology,2023,3,1,Mar,2023-03,168.8325,0.03722304817026298,21056698,0.02419405503683618,4
2023-03-10,Banking,2023,3,1,Mar,2023-03,53.77,0.003904404841075082,4052361,0.015940581051088414,5
2023-03-10,Cement,2023,3,1,Mar,2023-03,147.38750000000002,-0.006549610052052346,11549306,0.022046849829851684,4
2023-03-10,Energy,2023,3,1,Mar,2023-03,55.82000000000001,0.0012024468044129488,11061957,0.03137601601187246,5
2023-03-10,Fertilizer,2023,3,1,Mar,2023-03,76.01249999999999,0.01979624140060282,6627998,0.01230378053426246,4
2023-03-10,Technology,2023,3,1,Mar,2023-03,170.6175,0.019610277632457818,29965353,0.0242573599509035,4
2023-03-13,Banking,2023,3,1,Mar,2023-03,53.7,-0.0014691145176435772,7071926,0.015492989186432193,5
2023-03-13,Cement,2023,3,1,Mar,2023-03,147.29,0.0016623312502153376,9564011,0.020945979356670252,4
2023-03-13,Energy,2023,3,1,Mar,2023-03,58.20799999999999,0.03875671079331724,40747346,0.03231459370532096,5
2023-03-13,Fertilizer,2023,3,1,Mar,2023-03,76.03,-0.0018134523782494805,10701157,0.01180719680688274,4
2023-03-13,Technology,2023,3,1,Mar,2023-03,170.09,0.0017033434069841924,30427618,0.023783878090215555,4
2023-03-14,Banking,2023,3,1,Mar,2023-03,53.778,0.00013288810344240786,9394125,0.01513928629107002,5
2023-03-14,Cement,2023,3,1,Mar,2023-03,145.4725,-0.008937489139153876,3438980,0.020436756686631037,4
2023-03-14,Energy,2023,3,1,Mar,2023-03,57.512,-0.013347922283353353,17102374,0.03229555200926787,5
2023-03-14,Fertilizer,2023,3,1,Mar,2023-03,75.9,-0.003971248735588878,6402832,0.010966955565155697,4
2023-03-14,Technology,2023,3,1,Mar,2023-03,170.285,-0.004224692928010226,12955197,0.023533050802067086,4
2023-03-15,Banking,2023,3,1,Mar,2023-03,53.794000000000004,-0.000991802880139825,6098057,0.015116950904810755,5
2023-03-15,Cement,2023,3,1,Mar,2023-03,150.0075,0.05070668786985766,45417058,0.02249040770372943,4
2023-03-15,Energy,2023,3,1,Mar,2023-03,57.44199999999999,-0.001846240990085679,8833880,0.032284437860937584,5
2023-03-15,Fertilizer,2023,3,1,Mar,2023-03,75.4825,0.0007541485850054985,4659986,0.01127523397598075,4
2023-03-15,Technology,2023,3,1,Mar,2023-03,169.2075,-0.0025561143185072466,10363356,0.023573418695417125,4
2023-03-16,Banking,2023,3,1,Mar,2023-03,53.964,0.002166669354946049,5113939,0.015157908227134509,5
2023-03-16,Cement,2023,3,1,Mar,2023-03,150.255,-0.001225335195615379,19435861,0.02234115981097056,4
2023-03-16,Energy,2023,3,1,Mar,2023-03,56.931999999999995,-0.008711514866841363,7155249,0.03230998423558368,5
2023-03-16,Fertilizer,2023,3,1,Mar,2023-03,75.3375,0.009163889491088872,1191692,0.01125922692713623,4
2023-03-16,Technology,2023,3,1,Mar,2023-03,168.255,0.003283862222131312,18279296,0.023594322513870152,4
2023-03-17,Banking,2023,3,1,Mar,2023-03,53.572,-0.006515621930609017,10308551,0.015008545284921107,5
2023-03-17,Cement,2023,3,1,Mar,2023-03,148.6825,-0.006963538784005241,9759172,0.022308503310794783,4
2023-03-17,Energy,2023,3,1,Mar,2023-03,56.552,-0.0047300438547916105,12427343,0.0322355398614846,5
2023-03-17,Fertilizer,2023,3,1,Mar,2023-03,74.7175,-0.010720666156663505,6182466,0.011346273268235495,4
2023-03-17,Technology,2023,3,1,Mar,2023-03,163.3075,-0.016661343062619738,8687778,0.023890212680690803,4
2023-03-20,Banking,2023,3,1,Mar,2023-03,52.653999999999996,-0.013068413092627273,1901691,0.015323094087184335,5
2023-03-20,Cement,2023,3,1,Mar,2023-03,146.635,-0.02352146613803824,13140803,0.022638384811953207,4
2023-03-20,Energy,2023,3,1,Mar,2023-03,55.04600000000001,-0.027978558415210908,9243361,0.029182636166703767,5
2023-03-20,Fertilizer,2023,3,1,Mar,2023-03,73.7175,-0.009949330477193874,6651439,0.011409782598552735,4
2023-03-20,Technology,2023,3,1,Mar,2023-03,164.01500000000001,-0.004608329056376814,6188349,0.02367700447944987,4
2023-03-21,Banking,2023,3,1,Mar,2023-03,52.734,0.0018870834550877235,1055149,0.014848501675449993,5
2023-03-21,Cement,2023,3,1,Mar,2023-03,146.08499999999998,-0.00010705785952849767,4265670,0.02254455295996634,4
2023-03-21,Energy,2023,3,1,Mar,2023-03,55.9,0.013330125520153446,12848633,0.028701658600820478,5
2023-03-21,Fertilizer,2023,3,1,Mar,2023-03,73.735,-0.010691286545812057,3319478,0.011727390731692228,4
2023-03-21,Technology,2023,3,1,Mar,2023-03,164.145,-5.8264661942503126e-05,6224913,0.022650219850633292,4
2023-03-22,Banking,2023,3,1,Mar,2023-03,52.806,0.0006811802107283604,928703,0.014715119552658576,5
2023-03-22,Cement,2023,3,1,Mar,2023-03,142.8925,-0.030945090818535692,6842471,0.023500855746466327,4
2023-03-22,Energy,2023,3,1,Mar,2023-03,54.688,-0.023372796788621364,5981730,0.028900839953675855,5
2023-03-22,Fertilizer,2023,3,1,Mar,2023-03,73.63250000000001,-0.0013195236191013149,1531157,0.012045730730269868,4
2023-03-22,Technology,2023,3,1,Mar,2023-03,161.39000000000001,-0.027522526508244716,9019010,0.022859811764623164,4
2023-03-23,Banking,2023,3,1,Mar,2023-03,52.806,0.0,0,0.014016389678134941,5
2023-03-23,Cement,2023,3,1,Mar,2023-03,142.8925,0.0,0,0.022223668535484912,4
2023-03-23,Energy,2023,3,1,Mar,2023-03,54.688,0.0,0,0.02768770316198803,5
2023-03-23,Fertilizer,2023,3,1,Mar,2023-03,73.63250000000001,0.0,0,0.011621353181952386,4
2023-03-23,Technology,2023,3,1,Mar,2023-03,161.39000000000001,0.0,0,0.022617521582979316,4
2023-03-24,Banking,2023,3,1,Mar,2023-03,52.266,-0.010007508793667231,278638,0.013556910014929313,5
2023-03-24,Cement,2023,3,1,Mar,2023-03,141.2825,-0.016121529552750924,1875664,0.021838169718242293,4
2023-03-24,Energy,2023,3,1,Mar,2023-03,53.482000000000006,-0.02112142814074507,2667617,0.027076440891319314,5
2023-03-24,Fertilizer,2023,3,1,Mar,2023-03,72.98750000000001,-0.014865361439386687,622983,0.011674073836185232,4
2023-03-24,Technology,2023,3,1,Mar,2023-03,158.79500000000002,-0.0319262581417698,5448322,0.02309875952098921,4
2023-03-27,Banking,2023,3,1,Mar,2023-03,52.303999999999995,-0.0010820737305305083,1822563,0.013574074380309947,5
2023-03-27,Cement,2023,3,1,Mar,2023-03,141.19750000000002,-0.0006721423231036416,2280446,0.021829720344962736,4
2023-03-27,Energy,2023,3,1,Mar,2023-03,53.238,-0.003726890400958949,2665503,0.025172476093352936,5
2023-03-27,Fertilizer,2023,3,1,Mar,2023-03,73.0575,0.010013759671288897,691562,0.011878151985668729,4
2023-03-27,Technology,2023,3,1,Mar,2023-03,161.32250000000002,0.015074216059258905,7325195,0.02306586695073505,4
2023-03-28,Banking,2023,3,1,Mar,2023-03,52.772000000000006,0.008093512163452865,4753286,0.013433923733778708,5
2023-03-28,Cement,2023,3,1,Mar,2023-03,140.9025,0.010218359108941505,6666913,0.021264951962435052,4
2023-03-28,Energy,2023,3,1,Mar,2023-03,53.251999999999995,-0.0015229124864715392,3985183,0.023361284253266983,5
2023-03-28,Fertilizer,2023,3,1,Mar,2023-03,73.205,0.004033776615505774,536719,0.01161531794530576,4
2023-03-28,Technology,2023,3,1,Mar,2023-03,161.3625,0.030524248489972622,25321896,0.021894751647354733,4
2023-03-29,Banking,2023,3,1,Mar,2023-03,52.484,-0.005114873873796411,2531693,0.013150876927178212,5
2023-03-29,Cement,2023,3,1,Mar,2023-03,139.6925,-0.004598800362954708,2733279,0.021130064491153393,4
2023-03-29,Energy,2023,3,1,Mar,2023-03,52.888,-0.009587057084416184,4357194,0.023310734114289487,5
2023-03-29,Fertilizer,2023,3,1,Mar,2023-03,72.785,-0.0024735537819735587,521057,0.011726883381340546,4
2023-03-29,Technology,2023,3,1,Mar,2023-03,160.2725,-0.013314180223321148,13609820,0.021686146652094358,4
2023-03-30,Banking,2023,3,1,Mar,2023-03,52.278,-0.004253818776150919,2545850,0.013014157753214458,5
2023-03-30,Cement,2023,3,1,Mar,2023-03,140.23000000000002,0.004619212652574728,3617820,0.0207570502393551,4
2023-03-30,Energy,2023,3,1,Mar,2023-03,52.94,-0.001809030172236703,7528503,0.023243893601040736,5
2023-03-30,Fertilizer,2023,3,1,Mar,2023-03,72.6825,-0.004448425775342518,5827694,0.011678422146166899,4
2023-03-30,Technology,2023,3,1,Mar,2023-03,159.4975,-0.013573894078219989,8490134,0.02169527789394428,4
2023-03-31,Banking,2023,3,1,Mar,2023-03,52.370000000000005,-0.0005588221646153135,4266027,0.0129965768740487,5
2023-03-31,Cement,2023,3,1,Mar,2023-03,141.89,0.014387067664336839,7471275,0.020981752414152382,4
2023-03-31,Energy,2023,3,1,Mar,2023-03,53.406000000000006,0.004001731839697742,7650739,0.023229928542108973,5
2023-03-31,Fertilizer,2023,3,1,Mar,2023-03,72.275,-0.0009856787263012867,2599030,0.011718919075261236,4
2023-03-31,Technology,2023,3,1,Mar,2023-03,159.36,-0.007655540066217825,5102872,0.02169544168536521,4
2023-04-03,Banking,2023,4,2,Apr,2023-04,52.408,0.001771222030618924,1362766,0.0129100240447692,5
2023-04-03,Cement,2023,4,2,Apr,2023-04,140.31,-0.019094584198271064,2232056,0.021098384792784808,4
2023-04-03,Energy,2023,4,2,Apr,2023-04,52.928,-0.005546544660263208,5921505,0.022114527353592477,5
2023-04-03,Fertilizer,2023,4,2,Apr,2023-04,71.9375,0.0063556989955086685,694727,0.012394914200925321,4
2023-04-03,Technology,2023,4,2,Apr,2023-04,161.005,0.026681382683491406,19431137,0.021907826057847957,4
2023-04-04,Banking,2023,4,2,Apr,2023-04,52.242,-0.004680295256176459,793870,0.01300230324217421,5
2023-04-04,Cement,2023,4,2,Apr,2023-04,140.5025,-0.0012967433524410932,2510311,0.02099339083963284,4
2023-04-04,Energy,2023,4,2,Apr,2023-04,52.364,-0.006860012360023249,11046591,0.022066358778897326,5
2023-04-04,Fertilizer,2023,4,2,Apr,2023-04,71.5325,-0.0026847760366280893,1191796,0.012514168487837301,4
2023-04-04,Technology,2023,4,2,Apr,2023-04,160.87,0.0011479343745409432,12506031,0.021290572863458337,4
2023-04-05,Banking,2023,4,2,Apr,2023-04,52.396,0.004713447927944347,3025883,0.012010820417296102,5
2023-04-05,Cement,2023,4,2,Apr,2023-04,140.8175,0.0031152988683375016,2763804,0.01987181815357894,4
2023-04-05,Energy,2023,4,2,Apr,2023-04,52.386,0.0006037862379011827,8918307,0.02191078104530435,5
2023-04-05,Fertilizer,2023,4,2,Apr,2023-04,71.4325,0.005067559702121749,379261,0.012564553372718255,4
2023-04-05,Technology,2023,4,2,Apr,2023-04,161.2225,-0.002858864646805459,6956093,0.021322122747982494,4
2023-04-06,Banking,2023,4,2,Apr,2023-04,52.51800000000001,0.0017433171984357898,5243195,0.011789668845784059,5
2023-04-06,Cement,2023,4,2,Apr,2023-04,144.335,0.03446274475257194,5198246,0.020572948852794738,4
2023-04-06,Energy,2023,4,2,Apr,2023-04,55.160000000000004,0.0552721257724913,29588465,0.02364250494903384,5
2023-04-06,Fertilizer,2023,4,2,Apr,2023-04,72.8625,0.01108018649014969,1213951,0.013133409674959264,4
2023-04-06,Technology,2023,4,2,Apr,2023-04,163.595,0.02154152456747832,14406405,0.02159663684876849,4
2023-04-07,Banking,2023,4,2,Apr,2023-04,52.431999999999995,-0.001689607540665028,3983861,0.010989469109323049,5
2023-04-07,Cement,2023,4,2,Apr,2023-04,142.85750000000002,-0.004648763531622441,8641761,0.020413589213510202,4
2023-04-07,Energy,2023,4,2,Apr,2023-04,54.056,-0.018864939254979805,13135863,0.02351691096409276,5
2023-04-07,Fertilizer,2023,4,2,Apr,2023-04,72.0375,-0.005562045661274606,540387,0.013215236056800745,4
2023-04-07,Technology,2023,4,2,Apr,2023-04,162.345,-0.011128954561682003,7561435,0.021208866816830173,4
2023-04-10,Banking,2023,4,2,Apr,2023-04,52.312,-0.0028150417620299794,4065172,0.010563940602233512,5
2023-04-10,Cement,2023,4,2,Apr,2023-04,141.05249999999998,-0.01554789617626054,3617773,0.02063277949869052,4
2023-04-10,Energy,2023,4,2,Apr,2023-04,53.40599999999999,-0.01123421355152059,3861921,0.023423503806125023,5
2023-04-10,Fertilizer,2023,4,2,Apr,2023-04,71.89,-0.0024235423612006535,1197101,0.0132430546584173,4
2023-04-10,Technology,2023,4,2,Apr,2023-04,160.8425,-0.0030254239343668055,6329422,0.021026603375472443,4
2023-04-11,Banking,2023,4,2,Apr,2023-04,52.15599999999999,-0.0019847189581171597,1112296,0.010140011419310016,5
2023-04-11,Cement,2023,4,2,Apr,2023-04,141.3125,0.010247486732660738,3988115,0.02062098863440323,4
2023-04-11,Energy,2023,4,2,Apr,2023-04,53.266,-0.002688695502169747,3739286,0.022259971713022308,5
2023-04-11,Fertilizer,2023,4,2,Apr,2023-04,71.595,-0.0030783640123288325,418344,0.013183083122310875,4
2023-04-11,Technology,2023,4,2,Apr,2023-04,161.10000000000002,-0.004810627330156192,1969420,0.020719175905655404,4
2023-04-12,Banking,2023,4,2,Apr,2023-04,52.714,0.010401018757214997,3446539,0.01025981979443601,5
2023-04-12,Cement,2023,4,2,Apr,2023-04,141.355,0.003964749935606443,3607369,0.020335396000374997,4
2023-04-12,Energy,2023,4,2,Apr,2023-04,54.036,0.01559216521498119,8717281,0.02232780808502995,5
2023-04-12,Fertilizer,2023,4,2,Apr,2023-04,71.6475,0.0024853384783022625,685910,0.013192411282570484,4
2023-04-12,Technology,2023,4,2,Apr,2023-04,165.59,0.012883098711563512,2300073,0.020963171133209,4
2023-04-13,Banking,2023,4,2,Apr,2023-04,52.678,-0.0015690530909526989,1578726,0.009825055623194795,5
2023-04-13,Cement,2023,4,2,Apr,2023-04,142.4775,0.0035546994637978002,3209879,0.0197364225662313,4
2023-04-13,Energy,2023,4,2,Apr,2023-04,54.32000000000001,0.00753493724581702,10850582,0.022320744607263767,5
2023-04-13,Fertilizer,2023,4,2,Apr,2023-04,71.5475,-0.0014253980211862693,899839,0.012965574148941682,4
2023-04-13,Technology,2023,4,2,Apr,2023-04,165.79999999999998,0.0023052302910521183,4208919,0.02056009133241546,4
2023-04-14,Banking,2023,4,2,Apr,2023-04,52.678,0.0,0,0.009393971533137379,5
2023-04-14,Cement,2023,4,2,Apr,2023-04,142.4775,0.0,0,0.019417252071994427,4
2023-04-14,Energy,2023,4,2,Apr,2023-04,54.32000000000001,0.0,0,0.018747353583815816,5
2023-04-14,Fertilizer,2023,4,2,Apr,2023-04,71.5475,0.0,0,0.012927779194591243,4
2023-04-14,Technology,2023,4,2,Apr,2023-04,165.79999999999998,0.0,0,0.020070011707873064,4
2023-04-17,Banking,2023,4,2,Apr,2023-04,52.69200000000001,-0.0005779276003326395,3629240,0.009190353888230302,5
2023-04-17,Cement,2023,4,2,Apr,2023-04,141.0375,-0.00721285489724105,3635721,0.019203402573933024,4
2023-04-17,Energy,2023,4,2,Apr,2023-04,54.198,-0.0029962436472574126,4694596,0.01850238516020582,5
2023-04-17,Fertilizer,2023,4,2,Apr,2023-04,72.485,0.007664868931700042,2878759,0.013141089787968957,4
2023-04-17,Technology,2023,4,2,Apr,2023-04,164.6075,-0.0014519079603004803,5419595,0.01907450858675036,4
2023-04-18,Banking,2023,4,2,Apr,2023-04,53.084,0.00672522236318307,2177867,0.008986313772435068,5
2023-04-18,Cement,2023,4,2,Apr,2023-04,139.8175,-0.005999868746821374,2832937,0.018722756008305932,4
2023-04-18,Energy,2023,4,2,Apr,2023-04,54.18000000000001,-0.0007317091184938062,4591920,0.0183912347846527,5
2023-04-18,Fertilizer,2023,4,2,Apr,2023-04,74.27000000000001,0.01792127062393878,1519281,0.014023474059882737,4
2023-04-18,Technology,2023,4,2,Apr,2023-04,164.9825,-0.002198171777075958,2525581,0.019023421049305413,4
2023-04-19,Banking,2023,4,2,Apr,2023-04,53.196000000000005,0.0013811480689185363,2768986,0.00888725735469,5
2023-04-19,Cement,2023,4,2,Apr,2023-04,140.1925,-6.719596644269576e-05,3611896,0.01861437226725831,4
2023-04-19,Energy,2023,4,2,Apr,2023-04,54.272000000000006,0.0023982427443148156,5577183,0.01832793589210536,5
2023-04-19,Fertilizer,2023,4,2,Apr,2023-04,75.52499999999999,0.002903666275181821,4500149,0.014346239624190248,4
2023-04-19,Technology,2023,4,2,Apr,2023-04,160.79749999999999,-0.012603368797179743,3501287,0.019226482467392697,4
2023-04-20,Banking,2023,4,2,Apr,2023-04,53.878,0.011216018169899745,7443781,0.009208672387175662,5
2023-04-20,Cement,2023,4,2,Apr,2023-04,142.255,0.01482803926878018,6227269,0.017382615665668445,4
2023-04-20,Energy,2023,4,2,Apr,2023-04,54.74400000000001,0.008291455542195746,7649847,0.01796217952276277,5
2023-04-20,Fertilizer,2023,4,2,Apr,2023-04,78.505,0.015127254110917643,6884953,0.01532265051866229,4
2023-04-20,Technology,2023,4,2,Apr,2023-04,160.79500000000002,0.0041536592945950745,5962407,0.01757480747932813,4
2023-04-21,Banking,2023,4,2,Apr,2023-04,53.878,0.0,0,0.008990379457868193,5
2023-04-21,Cement,2023,4,2,Apr,2023-04,142.255,0.0,0,0.01723257959363338,4
2023-04-21,Energy,2023,4,2,Apr,2023-04,54.74400000000001,0.0,0,0.01784701568759319,5
2023-04-21,Fertilizer,2023,4,2,Apr,2023-04,78.505,0.0,0,0.013614092350159437,4
2023-04-21,Technology,2023,4,2,Apr,2023-04,160.79500000000002,0.0,0,0.017114967882801802,4
2023-04-24,Banking,2023,4,2,Apr,2023-04,53.878,0.0,0,0.00892540688222992,5
2023-04-24,Cement,2023,4,2,Apr,2023-04,142.255,0.0,0,0.01710577166687695,4
2023-04-24,Energy,2023,4,2,Apr,2023-04,54.74400000000001,0.0,0,0.015985221453015234,5
2023-04-24,Fertilizer,2023,4,2,Apr,2023-04,78.505,0.0,0,0.013569335225187246,4
2023-04-24,Technology,2023,4,2,Apr,2023-04,160.79500000000002,0.0,0,0.016939041251771047,4
2023-04-25,Banking,2023,4,2,Apr,2023-04,53.878,0.0,0,0.008785432981985844,5
2023-04-25,Cement,2023,4,2,Apr,2023-04,142.255,0.0,0,0.016948414358416243,4
2023-04-25,Energy,2023,4,2,Apr,2023-04,54.74400000000001,0.0,0,0.015832394061000267,5
2023-04-25,Fertilizer,2023,4,2,Apr,2023-04,78.505,0.0,0,0.013519365001851498,4
2023-04-25,Technology,2023,4,2,Apr,2023-04,160.79500000000002,0.0,0,0.016856509625483896,4
2023-04-26,Banking,2023,4,2,Apr,2023-04,54.182,0.0038485751953823088,6012800,0.009278520744473526,5
2023-04-26,Cement,2023,4,2,Apr,2023-04,141.0775,-0.0037048035081800046,7670872,0.014025972490933916,4
2023-04-26,Energy,2023,4,2,Apr,2023-04,54.772000000000006,0.004396277868554521,11639558,0.015932444157653925,5
2023-04-26,Fertilizer,2023,4,2,Apr,2023-04,77.86749999999999,-0.006020823361004651,4625396,0.013299539367823549,4
2023-04-26,Technology,2023,4,2,Apr,2023-04,161.0275,0.002456077933836509,10213536,0.0168770064277399,4
2023-04-27,Banking,2023,4,2,Apr,2023-04,54.75599999999999,0.009776901825418238,20558484,0.009438986034317264,5
2023-04-27,Cement,2023,4,2,Apr,2023-04,143.3825,0.019061842261952844,10295664,0.01446606746448598,4
2023-04-27,Energy,2023,4,2,Apr,2023-04,54.65,-0.0033800386652841794,8636636,0.01586716599306005,5
2023-04-27,Fertilizer,2023,4,2,Apr,2023-04,78.205,0.0022645780128540127,2925372,0.012962672160877117,4
2023-04-27,Technology,2023,4,2,Apr,2023-04,163.085,0.015658428487013626,7478266,0.018456987663906015,4
2023-04-28,Banking,2023,4,2,Apr,2023-04,55.472,0.005834491308525314,11905314,0.010149295919023835,5
2023-04-28,Cement,2023,4,2,Apr,2023-04,143.035,-0.0015264456288725803,8279457,0.014335395084270088,4
2023-04-28,Energy,2023,4,2,Apr,2023-04,54.15,-0.010465976821002698,7114021,0.01583686796385802,5
2023-04-28,Fertilizer,2023,4,2,Apr,2023-04,33.86666666666667,0.00035459987655650504,6597997,0.011631657288958824,3
2023-04-28,Technology,2023,4,2,Apr,2023-04,159.9,-0.01162857087775146,16154058,0.01822427261539242,4
2023-05-01,Banking,2023,5,2,May,2023-05,55.472,0.0,0,0.00951415837204218,5
2023-05-01,Cement,2023,5,2,May,2023-05,143.035,0.0,0,0.013520766009975387,4
2023-05-01,Energy,2023,5,2,May,2023-05,54.15,0.0,0,0.015010068662948165,5
2023-05-01,Fertilizer,2023,5,2,May,2023-05,86.3,0.0,0,0.012641272883034826,4
2023-05-01,Technology,2023,5,2,May,2023-05,159.9,0.0,0,0.018114663958333273,4
2023-05-02,Banking,2023,5,2,May,2023-05,57.75599999999999,0.041241922231409676,12738285,0.01239015108992574,5
2023-05-02,Cement,2023,5,2,May,2023-05,151.3525,0.03850303020472373,15577787,0.016054410727183204,4
2023-05-02,Energy,2023,5,2,May,2023-05,53.67999999999999,-0.008721075571631442,6032012,0.014830866088456995,5
2023-05-02,Fertilizer,2023,5,2,May,2023-05,87.43,0.010304027637533963,2090563,0.011983823073155996,4
2023-05-02,Technology,2023,5,2,May,2023-05,158.215,-0.0073281927696856874,6528199,0.018096646791065957,4
2023-05-03,Banking,2023,5,2,May,2023-05,57.82000000000001,0.00038971130677873945,32664807,0.01239051580967213,5
2023-05-03,Cement,2023,5,2,May,2023-05,159.88500000000002,0.03856653309546654,30853482,0.016533880235028612,4
2023-05-03,Energy,2023,5,2,May,2023-05,54.11999999999999,0.01502181993062881,21831966,0.014782486648487952,5
2023-05-03,Fertilizer,2023,5,2,May,2023-05,87.44999999999999,-0.005317886845999847,1676940,0.011631993526081399,4
2023-05-03,Technology,2023,5,2,May,2023-05,155.4325,-0.012047898364280246,4894937,0.017556024251696015,4
2023-05-04,Banking,2023,5,2,May,2023-05,58.034000000000006,0.00466104556360023,20921527,0.012452088874962042,5
2023-05-04,Cement,2023,5,2,May,2023-05,159.08499999999998,-0.0038242341831843107,34695158,0.01661686202114599,4
2023-05-04,Energy,2023,5,2,May,2023-05,53.516,-0.013532855545191458,9869497,0.015043856195495291,5
2023-05-04,Fertilizer,2023,5,2,May,2023-05,86.28,-0.005517791063954086,1852694,0.011717983263561178,4
2023-05-04,Technology,2023,5,2,May,2023-05,157.82750000000001,0.00886779541481214,7883092,0.017773723931455016,4
2023-05-05,Banking,2023,5,2,May,2023-05,58.402,0.010045349765154431,13868586,0.01232653896835487,5
2023-05-05,Cement,2023,5,2,May,2023-05,159.0775,0.0055194860515979105,12753866,0.016305065341539807,4
2023-05-05,Energy,2023,5,2,May,2023-05,54.263999999999996,0.027169824601072735,27495396,0.015895884054455706,5
2023-05-05,Fertilizer,2023,5,2,May,2023-05,86.995,0.0014499626620887163,1717482,0.010926883395611067,4
2023-05-05,Technology,2023,5,2,May,2023-05,156.055,-0.009783060842200514,3595200,0.016720872049337872,4
2023-05-08,Banking,2023,5,2,May,2023-05,57.976,-0.007280562251961342,7879819,0.012395844947514209,5
2023-05-08,Cement,2023,5,2,May,2023-05,155.6325,-0.027282530770259467,8520087,0.01731259298116318,4
2023-05-08,Energy,2023,5,2,May,2023-05,53.156000000000006,-0.024395165813182462,12005790,0.016564030676780785,5
2023-05-08,Fertilizer,2023,5,2,May,2023-05,86.37,-0.005774037538733845,1580511,0.010762036404045154,4
2023-05-08,Technology,2023,5,2,May,2023-05,152.055,-0.03402611979101139,5123821,0.017687185973328676,4
2023-05-09,Banking,2023,5,2,May,2023-05,57.674,-0.008004977004270076,9099345,0.012577011162035264,5
2023-05-09,Cement,2023,5,2,May,2023-05,154.365,-0.006843098677241616,9575176,0.017227682960166416,4
2023-05-09,Energy,2023,5,2,May,2023-05,52.222,-0.011279641054672829,19896003,0.01686171729744643,5
2023-05-09,Fertilizer,2023,5,2,May,2023-05,85.3575,-0.006825390454226421,7326196,0.010722801826599028,4
2023-05-09,Technology,2023,5,2,May,2023-05,150.28,-0.01794719924303162,7545501,0.015733839591904695,4
2023-05-10,Banking,2023,5,2,May,2023-05,56.426,-0.01718333649592365,8498518,0.01328944195932712,5
2023-05-10,Cement,2023,5,2,May,2023-05,154.64000000000001,-0.0010698004185184795,6218704,0.01721516178493909,4
2023-05-10,Energy,2023,5,2,May,2023-05,51.604,-0.013791459103263204,9883872,0.016956494226435907,5
2023-05-10,Fertilizer,2023,5,2,May,2023-05,84.9225,-0.004112962903866257,1216272,0.010651265433327601,4
2023-05-10,Technology,2023,5,2,May,2023-05,148.5675,-0.01227798557176113,3594997,0.015683427290096662,4
2023-05-11,Banking,2023,5,2,May,2023-05,56.902,0.00918769103483017,3222616,0.013363740705382234,5
2023-05-11,Cement,2023,5,2,May,2023-05,158.375,0.014514690420183884,6748203,0.01732046814845071,4
2023-05-11,Energy,2023,5,2,May,2023-05,51.720000000000006,0.0017982753908896364,6643130,0.016812466852785733,5
2023-05-11,Fertilizer,2023,5,2,May,2023-05,85.59,0.004549599180243946,1141846,0.010588080856423324,4
2023-05-11,Technology,2023,5,2,May,2023-05,149.51500000000001,0.007531551995413249,2887093,0.015586613539561691,4
2023-05-12,Banking,2023,5,2,May,2023-05,56.934000000000005,0.0027565283389416216,3386774,0.013310190538007522,5
2023-05-12,Cement,2023,5,2,May,2023-05,161.3675,0.017872297706589657,10424948,0.01736550978264521,4
2023-05-12,Energy,2023,5,2,May,2023-05,51.678,-0.0008028299783075399,12216748,0.016596644234077685,5
2023-05-12,Fertilizer,2023,5,2,May,2023-05,85.8425,0.0018390951125613897,792353,0.010546265861507158,4
2023-05-12,Technology,2023,5,2,May,2023-05,149.9775,-0.0020522618132324533,3319529,0.015481592949163408,4
2023-05-15,Banking,2023,5,2,May,2023-05,57.388,0.006875659489224128,3445323,0.013243617927691895,5
2023-05-15,Cement,2023,5,2,May,2023-05,162.0625,0.00573843320285472,4307905,0.016747548785002283,4
2023-05-15,Energy,2023,5,2,May,2023-05,51.446000000000005,-0.0033871765177652335,11619790,0.01649753781592567,5
2023-05-15,Fertilizer,2023,5,2,May,2023-05,87.3425,0.00930022525968116,1051831,0.00974603883945272,4
2023-05-15,Technology,2023,5,2,May,2023-05,150.16,0.020849863522916567,12407361,0.015414521658226689,4
2023-05-16,Banking,2023,5,2,May,2023-05,58.022000000000006,0.00581853390989695,10077313,0.013313252613492805,5
2023-05-16,Cement,2023,5,2,May,2023-05,161.64499999999998,-0.007892752091481908,6875151,0.016879718642501956,4
2023-05-16,Energy,2023,5,2,May,2023-05,52.25600000000001,0.01183177548303369,17839956,0.016821079941720662,5
2023-05-16,Fertilizer,2023,5,2,May,2023-05,88.06,0.0034229616002673935,2330608,0.009489254381337795,4
2023-05-16,Technology,2023,5,2,May,2023-05,149.905,-0.002793887657170646,5904970,0.015410967359887734,4
2023-05-17,Banking,2023,5,2,May,2023-05,57.848,-0.002473440427203344,4410461,0.013310576839738856,5
2023-05-17,Cement,2023,5,2,May,2023-05,160.6,-0.011973731134249793,3587279,0.017161440754007974,4
2023-05-17,Energy,2023,5,2,May,2023-05,51.553999999999995,-0.013506574759401601,7520290,0.016998784393724514,5
2023-05-17,Fertilizer,2023,5,2,May,2023-05,88.5,0.007876330925121244,2298312,0.009350908075148694,4
2023-05-17,Technology,2023,5,2,May,2023-05,148.585,-0.006156555516213386,3857343,0.015403029763251131,4
2023-05-18,Banking,2023,5,2,May,2023-05,56.984,-0.01120076192464814,2082141,0.01363354161694954,5
2023-05-18,Cement,2023,5,2,May,2023-05,160.41250000000002,-0.013398618549881197,6465275,0.016226918178268213,4
2023-05-18,Energy,2023,5,2,May,2023-05,50.926,-0.013637872804244777,11576202,0.013536837233951462,5
2023-05-18,Fertilizer,2023,5,2,May,2023-05,87.14,-0.011419301036555057,434600,0.00952439465760701,4
2023-05-18,Technology,2023,5,2,May,2023-05,144.89999999999998,-0.018506961983043718,5749527,0.015226635589595517,4
2023-05-19,Banking,2023,5,2,May,2023-05,57.16799999999999,0.006906169524036887,2087379,0.01395380801827511,5
2023-05-19,Cement,2023,5,2,May,2023-05,161.705,0.009290962093965571,3641310,0.016161303654694162,4
2023-05-19,Energy,2023,5,2,May,2023-05,51.336,0.008419165566613086,10830755,0.013284130855170795,5
2023-05-19,Fertilizer,2023,5,2,May,2023-05,87.6225,0.0021716032856987366,1723433,0.00934673488624744,4
2023-05-19,Technology,2023,5,2,May,2023-05,144.475,-0.0034542886545506635,3581804,0.015140821148626225,4
2023-05-22,Banking,2023,5,2,May,2023-05,56.120000000000005,-0.018214177170850433,2189968,0.014414766036425771,5
2023-05-22,Cement,2023,5,2,May,2023-05,161.03,-0.007475710008835013,2132262,0.01592155803823141,4
2023-05-22,Energy,2023,5,2,May,2023-05,50.556,-0.022646068522020713,10615934,0.013857696590211702,5
2023-05-22,Fertilizer,2023,5,2,May,2023-05,87.6275,-0.00982885869413605,1061993,0.009526865108846169,4
2023-05-22,Technology,2023,5,2,May,2023-05,142.75,-0.010688195525121569,4491695,0.015181765639627833,4
2023-05-23,Banking,2023,5,2,May,2023-05,56.464,0.00835207896796566,1656778,0.0148772248110879,5
2023-05-23,Cement,2023,5,2,May,2023-05,160.34,-0.004111187604662808,1889118,0.015776182597468165,4
2023-05-23,Energy,2023,5,2,May,2023-05,49.891999999999996,-0.014745080336854266,6135917,0.014119691681757468,5
2023-05-23,Fertilizer,2023,5,2,May,2023-05,87.95,-0.001852388894277579,1150686,0.009563225525415475,4
2023-05-23,Technology,2023,5,2,May,2023-05,143.12,-0.0007421132065377756,3116771,0.0151576762641619,4
2023-05-24,Banking,2023,5,2,May,2023-05,56.775999999999996,0.005507604143232481,1431480,0.014805764794733523,5
2023-05-24,Cement,2023,5,2,May,2023-05,160.41,0.000208168339836029,3234791,0.01583528935594327,4
2023-05-24,Energy,2023,5,2,May,2023-05,49.56,-0.00342798985341104,6764278,0.01367230868153133,5
2023-05-24,Fertilizer,2023,5,2,May,2023-05,87.73,0.001354837698034267,904221,0.009644212357335697,4
2023-05-24,Technology,2023,5,2,May,2023-05,142.41000000000003,-0.006870327741070492,2547629,0.014529622293357547,4
2023-05-25,Banking,2023,5,2,May,2023-05,56.42999999999999,-0.00900605817625899,3526530,0.015076488970201623,5
2023-05-25,Cement,2023,5,2,May,2023-05,162.595,0.005164474500652688,7458467,0.015863326707149284,4
2023-05-25,Energy,2023,5,2,May,2023-05,49.644,0.00028858398420925633,8275065,0.01360490894943642,5
2023-05-25,Fertilizer,2023,5,2,May,2023-05,87.8925,-0.002267891791996962,872989,0.00970590069049137,4
2023-05-25,Technology,2023,5,2,May,2023-05,140.7175,-0.020050653548466607,5926028,0.015571971552422136,4
2023-05-26,Banking,2023,5,2,May,2023-05,56.306,-0.0031389111314301887,6376936,0.015139013751577567,5
2023-05-26,Cement,2023,5,2,May,2023-05,171.1825,0.04027969225374195,14726694,0.0175661742719016,4
2023-05-26,Energy,2023,5,2,May,2023-05,48.188,-0.027892865718109162,11653953,0.014610315229041482,5
2023-05-26,Fertilizer,2023,5,2,May,2023-05,88.685,-0.0001130503288350182,3341873,0.009778908020142047,4
2023-05-26,Technology,2023,5,2,May,2023-05,137.76250000000002,-0.03276986245475569,11182902,0.016425011500405224,4
2023-05-29,Banking,2023,5,2,May,2023-05,56.24400000000001,-0.0014706187298846984,5125654,0.015139853222579172,5
2023-05-29,Cement,2023,5,2,May,2023-05,172.9525,0.009964702621607008,19488277,0.017863628764467634,4
2023-05-29,Energy,2023,5,2,May,2023-05,48.129999999999995,-0.001635296694981103,10511845,0.014660571312740891,5
2023-05-29,Fertilizer,2023,5,2,May,2023-05,89.55,0.0036205066078702497,988407,0.00974997886067804,4
2023-05-29,Technology,2023,5,2,May,2023-05,142.52,0.03580768210283691,9434242,0.018168133582028158,4
2023-05-30,Banking,2023,5,2,May,2023-05,56.222,-0.0007796953235936543,15989203,0.015456036473843169,5
2023-05-30,Cement,2023,5,2,May,2023-05,179.86,0.027383143972027568,11220684,0.0182547043810723,4
2023-05-30,Energy,2023,5,2,May,2023-05,48.798,0.015295242337708136,12852304,0.015106614084136693,5
2023-05-30,Fertilizer,2023,5,2,May,2023-05,89.985,0.0018854221650582426,1199576,0.009083614706130897,4
2023-05-30,Technology,2023,5,2,May,2023-05,145.2775,0.025655021165746417,10391178,0.019088166303924067,4
2023-05-31,Banking,2023,5,2,May,2023-05,56.422000000000004,0.00010488392470990871,8038640,0.015528955016626877,5
2023-05-31,Cement,2023,5,2,May,2023-05,174.55,-0.010018042944557437,14839372,0.018684360367502362,4
2023-05-31,Energy,2023,5,2,May,2023-05,48.062,-0.010328883003503675,11429486,0.015230419487189641,5
2023-05-31,Fertilizer,2023,5,2,May,2023-05,89.8475,-0.005519143423949685,4594820,0.009055612099564538,4
2023-05-31,Technology,2023,5,2,May,2023-05,141.745,-0.021384370260875224,10589622,0.019103326464570053,4
2023-06-01,Banking,2023,6,2,Jun,2023-06,56.062,-0.00523135730073816,1905353,0.015372506121642445,5
2023-06-01,Cement,2023,6,2,Jun,2023-06,174.4825,-0.003174938779555103,7937296,0.01865069380406964,4
2023-06-01,Energy,2023,6,2,Jun,2023-06,48.2,0.0026021643331220366,4210502,0.015095493136261356,5
2023-06-01,Fertilizer,2023,6,2,Jun,2023-06,89.4625,-0.0015197532802190827,814909,0.008753310892528298,4
2023-06-01,Technology,2023,6,2,Jun,2023-06,142.67000000000002,-0.0018434188681718255,4379165,0.01912535142675557,4
2023-06-02,Banking,2023,6,2,Jun,2023-06,56.70799999999999,0.007054099482399568,8658055,0.01564188756118388,5
2023-06-02,Cement,2023,6,2,Jun,2023-06,175.26250000000002,0.01974455418687332,13444496,0.019308369973597174,4
2023-06-02,Energy,2023,6,2,Jun,2023-06,48.184,-0.00058989302712118,2342377,0.015092619021145143,5
2023-06-02,Fertilizer,2023,6,2,Jun,2023-06,88.06,-0.0037000037774169714,1096239,0.007938842761960893,4
2023-06-02,Technology,2023,6,2,Jun,2023-06,142.59,-0.002856639021291296,2462619,0.01912280292774721,4
2023-06-05,Banking,2023,6,2,Jun,2023-06,56.486000000000004,-0.0013176999191133465,4572926,0.01579777660760786,5
2023-06-05,Cement,2023,6,2,Jun,2023-06,174.54000000000002,0.0009988216583404486,6029900,0.019376176386092146,4
2023-06-05,Energy,2023,6,2,Jun,2023-06,51.188,0.06442862171828793,33956455,0.019732141856659224,5
2023-06-05,Fertilizer,2023,6,2,Jun,2023-06,87.58,-0.0022538888130866352,877009,0.008387849236256273,4
2023-06-05,Technology,2023,6,2,Jun,2023-06,143.3275,0.020135331755316427,3809799,0.01971522077567956,4
2023-06-06,Banking,2023,6,2,Jun,2023-06,56.29600000000001,-0.002131633920232012,3676081,0.015858079355323903,5
2023-06-06,Cement,2023,6,2,Jun,2023-06,175.2225,-0.0006903678100865229,12176652,0.01943875891864704,4
2023-06-06,Energy,2023,6,2,Jun,2023-06,52.065999999999995,0.003250007740614169,32129230,0.02047101133428793,5
2023-06-06,Fertilizer,2023,6,2,Jun,2023-06,88.8875,0.012519487897891979,2120309,0.008862104489297811,4
2023-06-06,Technology,2023,6,2,Jun,2023-06,143.6075,0.010145723442813864,9458766,0.019923916826364164,4
2023-06-07,Banking,2023,6,2,Jun,2023-06,56.227999999999994,-0.0006232636368860067,3569506,0.01555946501743601,5
2023-06-07,Cement,2023,6,2,Jun,2023-06,175.28,0.0042903706794929775,5468302,0.01936591086242767,4
2023-06-07,Energy,2023,6,2,Jun,2023-06,52.544,0.007606786226430584,11416219,0.02049451116621806,5
2023-06-07,Fertilizer,2023,6,2,Jun,2023-06,88.45,0.0043458370690300785,1605950,0.009028804573760263,4
2023-06-07,Technology,2023,6,2,Jun,2023-06,148.1925,0.047331950585575044,30924087,0.021922808916523023,4
2023-06-08,Banking,2023,6,2,Jun,2023-06,55.48199999999999,-0.012384526801285722,1928350,0.015867880616520037,5
2023-06-08,Cement,2023,6,2,Jun,2023-06,172.88250000000002,-0.015893126957547632,6358341,0.01942192996575088,4
2023-06-08,Energy,2023,6,2,Jun,2023-06,51.64,-0.01560217545221243,11671620,0.020703751315223742,5
2023-06-08,Fertilizer,2023,6,2,Jun,2023-06,87.7475,-0.004962773088816597,1681665,0.009002140049558578,4
2023-06-08,Technology,2023,6,2,Jun,2023-06,144.6,-0.03555365878689104,9681425,0.021855149690636164,4
2023-06-09,Banking,2023,6,2,Jun,2023-06,55.529999999999994,0.00024182890340136433,3713737,0.01528874032310458,5
2023-06-09,Cement,2023,6,2,Jun,2023-06,173.01000000000002,0.0021633041562709177,3169299,0.019400219101745914,4
2023-06-09,Energy,2023,6,2,Jun,2023-06,52.508,0.014324755458145155,16041176,0.020854607527090775,5
2023-06-09,Fertilizer,2023,6,2,Jun,2023-06,87.895,0.006122480346543641,812341,0.009370917797108008,4
2023-06-09,Technology,2023,6,2,Jun,2023-06,148.2425,0.03110032004764368,8584487,0.022678596269720797,4
2023-06-12,Banking,2023,6,2,Jun,2023-06,55.065999999999995,-0.009718109506646621,8114438,0.015620766070614453,5
2023-06-12,Cement,2023,6,2,Jun,2023-06,177.47250000000003,0.007992629360860176,9181318,0.01955465174601092,4
2023-06-12,Energy,2023,6,2,Jun,2023-06,51.46,-0.01948844382815529,8471666,0.021175587260455663,5
2023-06-12,Fertilizer,2023,6,2,Jun,2023-06,87.60249999999999,0.0016642920426863106,996603,0.009435080804410544,4
2023-06-12,Technology,2023,6,2,Jun,2023-06,148.4,-0.011402518983953225,6647181,0.02286784021336323,4
2023-06-13,Banking,2023,6,2,Jun,2023-06,55.236000000000004,0.005308531303729036,2055973,0.013225854665722434,5
2023-06-13,Cement,2023,6,2,Jun,2023-06,173.13750000000002,-0.015828401635264527,3294022,0.018597809576129783,4
2023-06-13,Energy,2023,6,2,Jun,2023-06,51.492,-0.004557029008839808,6217160,0.021169044448431696,5
2023-06-13,Fertilizer,2023,6,2,Jun,2023-06,86.7875,-0.01016671307445019,1655035,0.009434086565344564,4
2023-06-13,Technology,2023,6,2,Jun,2023-06,146.24,-0.007420235715309503,3892656,0.022904658338482136,4
2023-06-14,Banking,2023,6,2,Jun,2023-06,55.318000000000005,0.00238975047432084,2619113,0.01308850355696157,5
2023-06-14,Cement,2023,6,2,Jun,2023-06,173.71249999999998,0.003310635674496659,2422206,0.017006817274068158,4
2023-06-14,Energy,2023,6,2,Jun,2023-06,51.254,-0.0053534330894985825,4718535,0.02082702568770737,5
2023-06-14,Fertilizer,2023,6,2,Jun,2023-06,87.01,-0.002347938081768197,695938,0.009409706146602385,4
2023-06-14,Technology,2023,6,2,Jun,2023-06,145.0725,-0.008515614749888462,2743461,0.02280203538013756,4
2023-06-15,Banking,2023,6,2,Jun,2023-06,55.510000000000005,0.0035991052913399548,1932360,0.013076027542070661,5
2023-06-15,Cement,2023,6,2,Jun,2023-06,172.7175,-0.012741851329631765,4892505,0.017205566862563648,4
2023-06-15,Energy,2023,6,2,Jun,2023-06,50.696,-0.013744202154692253,5096291,0.020884479168021195,5
2023-06-15,Fertilizer,2023,6,2,Jun,2023-06,86.245,-0.008164634498976087,951110,0.00947769942464744,4
2023-06-15,Technology,2023,6,2,Jun,2023-06,144.57999999999998,-0.010884053922125048,6244040,0.022745818873210755,4
2023-06-16,Banking,2023,6,2,Jun,2023-06,55.31,-0.004139183801107782,1982453,0.012730513215802597,5
2023-06-16,Cement,2023,6,2,Jun,2023-06,172.83,0.004717280297806575,3688650,0.017092747189821293,4
2023-06-16,Energy,2023,6,2,Jun,2023-06,50.244,-0.0019166821315701687,6084436,0.019677485991729707,5
2023-06-16,Fertilizer,2023,6,2,Jun,2023-06,85.80250000000001,-0.004240060418083197,774472,0.009527792578790193,4
2023-06-16,Technology,2023,6,2,Jun,2023-06,145.325,-0.0008490721181141636,3612367,0.022775440275284928,4
2023-06-19,Banking,2023,6,2,Jun,2023-06,54.977999999999994,-0.003443198093600719,13290124,0.01281376533636098,5
2023-06-19,Cement,2023,6,2,Jun,2023-06,171.77,-0.017701187231689758,3870830,0.016703033355598314,4
2023-06-19,Energy,2023,6,2,Jun,2023-06,48.964,-0.01923083640401031,13460851,0.019710926805100917,5
2023-06-19,Fertilizer,2023,6,2,Jun,2023-06,84.3325,-0.010465684092610006,1625334,0.00959688866265896,4
2023-06-19,Technology,2023,6,2,Jun,2023-06,141.2175,-0.025482592418757832,3650838,0.022479711260236634,4
2023-06-20,Banking,2023,6,2,Jun,2023-06,54.403999999999996,-0.010537309520255556,4281566,0.012671871000882356,5
2023-06-20,Cement,2023,6,2,Jun,2023-06,172.01749999999998,-0.00018201566713366146,3045185,0.016616274541122807,4
2023-06-20,Energy,2023,6,2,Jun,2023-06,49.714,0.014423977823464319,17858019,0.01976066863251149,5
2023-06-20,Fertilizer,2023,6,2,Jun,2023-06,84.4425,0.004585470354766447,995367,0.009589295333665707,4
2023-06-20,Technology,2023,6,2,Jun,2023-06,142.1475,0.006730001942447661,5273633,0.02225808934502476,4
2023-06-21,Banking,2023,6,2,Jun,2023-06,54.208000000000006,-0.0028380497661163683,3500448,0.01206560779111181,5
2023-06-21,Cement,2023,6,2,Jun,2023-06,171.88,-0.004000739208618237,2751367,0.01662753559814492,4
2023-06-21,Energy,2023,6,2,Jun,2023-06,48.78,-0.01569972129069972,8465901,0.019815381856067574,5
2023-06-21,Fertilizer,2023,6,2,Jun,2023-06,83.655,-0.007869428404490203,752319,0.0096719820208407,4
2023-06-21,Technology,2023,6,2,Jun,2023-06,140.3325,-0.01442112636075768,2617372,0.02227305394609633,4
2023-06-22,Banking,2023,6,2,Jun,2023-06,54.15,-0.0005072372531591318,2835606,0.011803895420780235,5
2023-06-22,Cement,2023,6,2,Jun,2023-06,171.64999999999998,-0.004580892606949022,2100924,0.016445954246853918,4
2023-06-22,Energy,2023,6,2,Jun,2023-06,48.414,-0.0071107583323229305,5125602,0.019857993395029545,5
2023-06-22,Fertilizer,2023,6,2,Jun,2023-06,82.995,-0.0076812702288630574,498038,0.0097134486836266,4
2023-06-22,Technology,2023,6,2,Jun,2023-06,140.3075,-0.010599667961089937,3869550,0.02228855874512929,4
2023-06-23,Banking,2023,6,2,Jun,2023-06,53.836,-0.004489315279761175,3129368,0.011747622890297307,5
2023-06-23,Cement,2023,6,2,Jun,2023-06,171.8425,0.0029720387592164776,2233860,0.01600358786602315,4
2023-06-23,Energy,2023,6,2,Jun,2023-06,48.372,-0.0033140499009886915,6328696,0.0198483371752668,5
2023-06-23,Fertilizer,2023,6,2,Jun,2023-06,82.9025,0.001894989731961838,892797,0.009717569506492139,4
2023-06-23,Technology,2023,6,2,Jun,2023-06,138.655,-0.021756409528452064,7961868,0.022590279706331703,4
2023-06-26,Banking,2023,6,2,Jun,2023-06,55.970000000000006,0.03503675691124801,5288180,0.014203134134775735,5
2023-06-26,Cement,2023,6,2,Jun,2023-06,177.33,0.04683090904379544,7997464,0.018336649426840743,4
2023-06-26,Energy,2023,6,2,Jun,2023-06,50.226,0.02667946225605977,32678940,0.02168792923751909,5
2023-06-26,Fertilizer,2023,6,2,Jun,2023-06,85.45,0.02757224824804766,14345525,0.010909344128402977,4
2023-06-26,Technology,2023,6,2,Jun,2023-06,143.32,0.04866113075256928,5405928,0.023565882698922264,4
2023-06-27,Banking,2023,6,2,Jun,2023-06,56.77,0.018447807251377048,11012996,0.014806470948288668,5
2023-06-27,Cement,2023,6,2,Jun,2023-06,175.7875,-0.012567681862808155,4093266,0.01842705867911317,4
2023-06-27,Energy,2023,6,2,Jun,2023-06,50.618,-0.0007582991784908178,29802287,0.02153212666814907,5
2023-06-27,Fertilizer,2023,6,2,Jun,2023-06,84.66,0.00766851069341884,1640726,0.011676716318541312,4
2023-06-27,Technology,2023,6,2,Jun,2023-06,141.92,-0.009528029278207978,3275523,0.023628280803301267,4
2023-06-28,Banking,2023,6,2,Jun,2023-06,56.77,0.0,0,0.014779311353960023,5
2023-06-28,Cement,2023,6,2,Jun,2023-06,175.7875,0.0,0,0.01823468843633148,4
2023-06-28,Energy,2023,6,2,Jun,2023-06,50.618,0.0,0,0.02136840654636539,5
2023-06-28,Fertilizer,2023,6,2,Jun,2023-06,84.66,0.0,0,0.011542550795406972,4
2023-06-28,Technology,2023,6,2,Jun,2023-06,141.92,0.0,0,0.02359077136000128,4
2023-06-29,Banking,2023,6,2,Jun,2023-06,56.77,0.0,0,0.01453836894259759,5
2023-06-29,Cement,2023,6,2,Jun,2023-06,175.7875,0.0,0,0.01789421200227127,4
2023-06-29,Energy,2023,6,2,Jun,2023-06,50.618,0.0,0,0.0212072923009994,5
2023-06-29,Fertilizer,2023,6,2,Jun,2023-06,84.66,0.0,0,0.01132937678836565,4
2023-06-29,Technology,2023,6,2,Jun,2023-06,141.92,0.0,0,0.0232469778418905,4
2023-06-30,Banking,2023,6,2,Jun,2023-06,56.77,0.0,0,0.01419348848356597,5
2023-06-30,Cement,2023,6,2,Jun,2023-06,175.7875,0.0,0,0.017837509646996843,4
2023-06-30,Energy,2023,6,2,Jun,2023-06,50.618,0.0,0,0.021101408739639286,5
2023-06-30,Fertilizer,2023,6,2,Jun,2023-06,84.66,0.0,0,0.011295079925609927,4
2023-06-30,Technology,2023,6,2,Jun,2023-06,141.92,0.0,0,0.023239643935918188,4
2023-07-03,Banking,2023,7,3,Jul,2023-07,60.358000000000004,0.06111175740910979,16316504,0.01807424234781552,5
2023-07-03,Cement,2023,7,3,Jul,2023-07,188.97500000000002,0.07499359200250144,6018831,0.02213507118479595,4
2023-07-03,Energy,2023,7,3,Jul,2023-07,54.480000000000004,0.08285663475504235,11847377,0.02575534666232024,5
2023-07-03,Fertilizer,2023,7,3,Jul,2023-07,89.0325,0.04426891974041486,5191707,0.014342347879193931,4
2023-07-03,Technology,2023,7,3,Jul,2023-07,200.95666666666668,0.07478073692066782,4106545,0.024911677294698953,3
2023-07-04,Banking,2023,7,3,Jul,2023-07,59.996,-0.0062620248216393335,10943452,0.017623404237537128,5
2023-07-04,Cement,2023,7,3,Jul,2023-07,185.3175,-0.01018632199176464,29130061,0.022302454855275454,4
2023-07-04,Energy,2023,7,3,Jul,2023-07,54.996,0.006525507772964967,48880952,0.02573934463393624,5
2023-07-04,Fertilizer,2023,7,3,Jul,2023-07,86.815,-0.020375106197648984,2117072,0.014836689269342854,4
2023-07-04,Technology,2023,7,3,Jul,2023-07,154.9875,-0.004364897104347759,22564060,0.026571773564350573,4
2023-07-05,Banking,2023,7,3,Jul,2023-07,60.089999999999996,0.001329491240264069,6910894,0.017663414736934935,5
2023-07-05,Cement,2023,7,3,Jul,2023-07,184.4775,0.004083922597335504,12221678,0.0223409354893501,4
2023-07-05,Energy,2023,7,3,Jul,2023-07,55.081999999999994,0.004374058254764246,32057476,0.025840764541828393,5
2023-07-05,Fertilizer,2023,7,3,Jul,2023-07,85.97500000000001,-0.0026918634495378124,4034682,0.01504589156157262,4
2023-07-05,Technology,2023,7,3,Jul,2023-07,159.10250000000002,0.02093906502064613,18681019,0.027010705462493914,4
2023-07-06,Banking,2023,7,3,Jul,2023-07,61.403999999999996,0.023438648707857678,19749925,0.01773926431178291,5
2023-07-06,Cement,2023,7,3,Jul,2023-07,189.0625,0.015387619339049197,10382595,0.022452276158342683,4
2023-07-06,Energy,2023,7,3,Jul,2023-07,56.436,0.020009094072229727,37263056,0.02608041910189348,5
2023-07-06,Fertilizer,2023,7,3,Jul,2023-07,87.935,0.006014914795271942,3200195,0.015268534988187334,4
2023-07-06,Technology,2023,7,3,Jul,2023-07,158.7175,0.0002520487867448129,13030453,0.026447998249807234,4
2023-07-07,Banking,2023,7,3,Jul,2023-07,61.42999999999999,-0.0006411880626765454,3939920,0.017707730246028123,5
2023-07-07,Cement,2023,7,3,Jul,2023-07,188.5925,0.0011817971763400104,6904161,0.021257740895200678,4
2023-07-07,Energy,2023,7,3,Jul,2023-07,55.89,-0.011170652254515478,9321181,0.025498496304043307,5
2023-07-07,Fertilizer,2023,7,3,Jul,2023-07,87.5475,0.007115225408609954,2098333,0.015354488852823053,4
2023-07-07,Technology,2023,7,3,Jul,2023-07,162.8,0.04908700546385569,39530058,0.027450110220911046,4
2023-07-10,Banking,2023,7,3,Jul,2023-07,62.73,0.028015288345371682,8805801,0.019298811368823592,5
2023-07-10,Cement,2023,7,3,Jul,2023-07,188.9675,0.002074341312087613,10220682,0.020938859113204603,4
2023-07-10,Energy,2023,7,3,Jul,2023-07,56.376,0.012809848161005277,26209085,0.025669072369612977,5
2023-07-10,Fertilizer,2023,7,3,Jul,2023-07,86.9675,-0.005099100618367075,1725762,0.01533543018400894,4
2023-07-10,Technology,2023,7,3,Jul,2023-07,163.68,0.013826742244789803,27327713,0.026680058389545864,4
2023-07-11,Banking,2023,7,3,Jul,2023-07,63.029999999999994,0.0010674084828411479,8201715,0.01933394232135481,5
2023-07-11,Cement,2023,7,3,Jul,2023-07,193.035,0.025743436220829696,23801592,0.020781871419144594,4
2023-07-11,Energy,2023,7,3,Jul,2023-07,56.83,0.007889742920997755,28246678,0.025625521456437574,5
2023-07-11,Fertilizer,2023,7,3,Jul,2023-07,86.905,0.017595813931455456,5693680,0.01602230333511949,4
2023-07-11,Technology,2023,7,3,Jul,2023-07,162.85000000000002,-0.0032312933017767387,25203489,0.02662667710390537,4
2023-07-12,Banking,2023,7,3,Jul,2023-07,63.694,0.009520142056749958,11793072,0.01934045325929562,5
2023-07-12,Cement,2023,7,3,Jul,2023-07,195.3075,0.003820128246317861,18119747,0.020560679278600127,4
2023-07-12,Energy,2023,7,3,Jul,2023-07,57.227999999999994,0.004447654403659751,30632775,0.025496129390911615,5
2023-07-12,Fertilizer,2023,7,3,Jul,2023-07,86.8975,0.006025512237121278,3658610,0.01587227534247535,4
2023-07-12,Technology,2023,7,3,Jul,2023-07,162.13,-0.009129622191178188,16165363,0.026057980453878353,4
2023-07-13,Banking,2023,7,3,Jul,2023-07,62.676,-0.016056023437874177,10237436,0.019783550718026746,5
2023-07-13,Cement,2023,7,3,Jul,2023-07,195.815,-0.006783968894355119,12520802,0.020688389121267897,4
2023-07-13,Energy,2023,7,3,Jul,2023-07,56.976,-0.006272332374263323,31675205,0.025576163677583984,5
2023-07-13,Fertilizer,2023,7,3,Jul,2023-07,86.1525,-0.014430697377506213,2565645,0.01624243657409508,4
2023-07-13,Technology,2023,7,3,Jul,2023-07,159.24,-0.010549393708033955,18060968,0.02618469375619593,4
2023-07-14,Banking,2023,7,3,Jul,2023-07,62.63199999999999,0.0004751707736455835,5200996,0.019592394271609595,5
2023-07-14,Cement,2023,7,3,Jul,2023-07,194.79749999999999,-0.008831992273775402,4773487,0.020248257671314315,4
2023-07-14,Energy,2023,7,3,Jul,2023-07,56.128,-0.013513869643277299,7693497,0.025805256327862024,5
2023-07-14,Fertilizer,2023,7,3,Jul,2023-07,85.31,-0.00829454976881841,1404069,0.016221480705677416,4
2023-07-14,Technology,2023,7,3,Jul,2023-07,157.75,0.0052146530345388575,33682098,0.02681429957355554,4
2023-07-17,Banking,2023,7,3,Jul,2023-07,62.931999999999995,0.002793449926783076,5546160,0.01967138724024061,5
2023-07-17,Cement,2023,7,3,Jul,2023-07,193.995,-0.01123617126835666,4066662,0.020510548519520305,4
2023-07-17,Energy,2023,7,3,Jul,2023-07,56.102,0.007109946059966154,16758564,0.02332592418067221,5
2023-07-17,Fertilizer,2023,7,3,Jul,2023-07,84.5175,-0.0059457694290891705,1324007,0.01614655092557748,4
2023-07-17,Technology,2023,7,3,Jul,2023-07,155.9325,2.6453793879360754e-05,22574122,0.02686033815592645,4
2023-07-18,Banking,2023,7,3,Jul,2023-07,63.41600000000001,0.0043626022232863045,11471138,0.019753802323523077,5
2023-07-18,Cement,2023,7,3,Jul,2023-07,193.58749999999998,-0.009453973666968263,3447905,0.020607340910602026,4
2023-07-18,Energy,2023,7,3,Jul,2023-07,55.077999999999996,-0.015730523961168676,10502485,0.023060249035399275,5
2023-07-18,Fertilizer,2023,7,3,Jul,2023-07,84.0725,-0.004850423124465181,961411,0.0160243462761194,4
2023-07-18,Technology,2023,7,3,Jul,2023-07,156.2025,0.0036868070846830803,14083817,0.02666327189674203,4
2023-07-19,Banking,2023,7,3,Jul,2023-07,65.672,0.02918797185283406,15073940,0.020716869491295024,5
2023-07-19,Cement,2023,7,3,Jul,2023-07,192.2825,-0.016531198512747564,6497543,0.02089226674841857,4
2023-07-19,Energy,2023,7,3,Jul,2023-07,55.472,0.0034608194917705726,24504976,0.023102246784604912,5
2023-07-19,Fertilizer,2023,7,3,Jul,2023-07,83.3925,-0.010746364683551168,1667630,0.016315299244143718,4
2023-07-19,Technology,2023,7,3,Jul,2023-07,154.3225,-0.02421197815267781,9740293,0.026378048465700514,4
2023-07-20,Banking,2023,7,3,Jul,2023-07,65.892,3.3795481779841374e-05,11240021,0.02056539481880471,5
2023-07-20,Cement,2023,7,3,Jul,2023-07,193.9275,0.016111319016081982,7167761,0.020880715695709054,4
2023-07-20,Energy,2023,7,3,Jul,2023-07,56.620000000000005,0.020372579451193085,26127645,0.023079151098205325,5
2023-07-20,Fertilizer,2023,7,3,Jul,2023-07,84.6175,0.011437588583658398,1624842,0.016398555438258265,4
2023-07-20,Technology,2023,7,3,Jul,2023-07,155.7625,0.01444843216659314,15704857,0.025251987849280462,4
2023-07-21,Banking,2023,7,3,Jul,2023-07,67.98400000000001,0.03306206579496394,18896696,0.021473401147138346,5
2023-07-21,Cement,2023,7,3,Jul,2023-07,194.29250000000002,0.009679720616875692,9653331,0.02097219802073702,4
2023-07-21,Energy,2023,7,3,Jul,2023-07,56.294,-0.0029874210041307856,18556672,0.023051887852962062,5
2023-07-21,Fertilizer,2023,7,3,Jul,2023-07,84.41,0.0016171281358560718,2105213,0.016242864246166517,4
2023-07-21,Technology,2023,7,3,Jul,2023-07,157.59,0.005269812772001337,12964784,0.02442518321097293,4
2023-07-24,Banking,2023,7,3,Jul,2023-07,69.042,0.012313456326113803,7506264,0.021146289983653213,5
2023-07-24,Cement,2023,7,3,Jul,2023-07,193.51749999999998,-0.008711051185115837,2184876,0.02084052235185338,4
2023-07-24,Energy,2023,7,3,Jul,2023-07,56.52,0.007133626677343741,15312741,0.022713525121141897,5
2023-07-24,Fertilizer,2023,7,3,Jul,2023-07,84.27,0.0047949909986573225,2142478,0.0162653898792624,4
2023-07-24,Technology,2023,7,3,Jul,2023-07,156.8775,-0.00875248058464953,7175545,0.024297438112207203,4
2023-07-25,Banking,2023,7,3,Jul,2023-07,70.308,0.019811771165392233,20445591,0.02188596259223253,5
2023-07-25,Cement,2023,7,3,Jul,2023-07,193.755,0.002001607053729648,2957718,0.020472701051172527,4
2023-07-25,Energy,2023,7,3,Jul,2023-07,57.198,0.008245614052638305,25021948,0.022700590277608235,5
2023-07-25,Fertilizer,2023,7,3,Jul,2023-07,84.675,0.008549196995527752,6397576,0.01614060295559937,4
2023-07-25,Technology,2023,7,3,Jul,2023-07,158.07,0.009642762353721912,10352234,0.02410535645737939,4
2023-07-26,Banking,2023,7,3,Jul,2023-07,70.804,0.007164385599989775,25348871,0.021906931909129533,5
2023-07-26,Cement,2023,7,3,Jul,2023-07,194.10250000000002,0.003306064237403511,5926072,0.02043069731421325,4
2023-07-26,Energy,2023,7,3,Jul,2023-07,57.536,-1.6059699666981507e-05,14342341,0.022762007717988884,5
2023-07-26,Fertilizer,2023,7,3,Jul,2023-07,84.495,0.0008395436678503287,4535476,0.016081788369144534,4
2023-07-26,Technology,2023,7,3,Jul,2023-07,159.4425,0.012828545507295175,22672464,0.024146283637737034,4
2023-07-27,Banking,2023,7,3,Jul,2023-07,70.804,0.0,0,0.021939057995570006,5
2023-07-27,Cement,2023,7,3,Jul,2023-07,194.10250000000002,0.0,0,0.020194531812173712,4
2023-07-27,Energy,2023,7,3,Jul,2023-07,57.536,0.0,0,0.022478811993226946,5
2023-07-27,Fertilizer,2023,7,3,Jul,2023-07,84.495,0.0,0,0.015938254190381293,4
2023-07-27,Technology,2023,7,3,Jul,2023-07,159.4425,0.0,0,0.023956218915788703,4
2023-07-28,Banking,2023,7,3,Jul,2023-07,70.804,0.0,0,0.021860078766248563,5
2023-07-28,Cement,2023,7,3,Jul,2023-07,194.10250000000002,0.0,0,0.0201702856095193,4
2023-07-28,Energy,2023,7,3,Jul,2023-07,57.536,0.0,0,0.02231491794234823,5
2023-07-28,Fertilizer,2023,7,3,Jul,2023-07,84.495,0.0,0,0.015798217484960974,4
2023-07-28,Technology,2023,7,3,Jul,2023-07,159.4425,0.0,0,0.023837353998309718,4
2023-07-31,Banking,2023,7,3,Jul,2023-07,72.774,0.03651466283039155,24959450,0.02402402615086107,5
2023-07-31,Cement,2023,7,3,Jul,2023-07,196.6525,0.0243257419591818,14033806,0.020252283630922713,4
2023-07-31,Energy,2023,7,3,Jul,2023-07,63.702,0.09527291571177213,72763867,0.02758716825928283,5
2023-07-31,Fertilizer,2023,7,3,Jul,2023-07,83.7975,-0.009835093595103012,3961737,0.01584513837705165,4
2023-07-31,Technology,2023,7,3,Jul,2023-07,160.1875,0.003979581295487228,24844088,0.023363678988627894,4
2023-08-01,Banking,2023,8,3,Aug,2023-08,72.978,0.0018577382172503265,10456906,0.02368262900773477,5
2023-08-01,Cement,2023,8,3,Aug,2023-08,198.3775,0.014771046568517632,15088824,0.02039242459163266,4
2023-08-01,Energy,2023,8,3,Aug,2023-08,62.75599999999999,-0.014008361994210872,32442072,0.027844369695156856,5
2023-08-01,Fertilizer,2023,8,3,Aug,2023-08,84.9,0.0070303357186660975,5014995,0.015930013481304267,4
2023-08-01,Technology,2023,8,3,Aug,2023-08,161.48000000000002,0.026183337446559596,49860260,0.023990145484708805,4
2023-08-02,Banking,2023,8,3,Aug,2023-08,73.898,0.013402229285111922,24147532,0.023863250376657645,5
2023-08-02,Cement,2023,8,3,Aug,2023-08,198.51500000000001,0.0017938590458013715,8447689,0.020350720325147235,4
2023-08-02,Energy,2023,8,3,Aug,2023-08,64.30799999999999,0.0237096166380808,57401788,0.02782741347337534,5
2023-08-02,Fertilizer,2023,8,3,Aug,2023-08,86.52,0.02101171960333617,11390171,0.016325720271436903,4
2023-08-02,Technology,2023,8,3,Aug,2023-08,163.615,0.010041816347415355,31132560,0.02378912319246803,4
2023-08-03,Banking,2023,8,3,Aug,2023-08,73.572,0.0029983320545127643,18715660,0.02430345719773536,5
2023-08-03,Cement,2023,8,3,Aug,2023-08,201.26,0.013166078894669475,21132607,0.020404972609488762,4
2023-08-03,Energy,2023,8,3,Aug,2023-08,63.384,-0.013244598115274609,51528241,0.027986487150496564,5
2023-08-03,Fertilizer,2023,8,3,Aug,2023-08,86.3375,-0.00637860694418288,3754496,0.01635021334161865,4
2023-08-03,Technology,2023,8,3,Aug,2023-08,160.995,-0.029707316809650663,18188936,0.024471167483640387,4
2023-08-04,Banking,2023,8,3,Aug,2023-08,72.924,-0.008192958394646177,6250978,0.02443685364872287,5
2023-08-04,Cement,2023,8,3,Aug,2023-08,201.4425,-0.009934676582333823,7460701,0.020649990568703327,4
2023-08-04,Energy,2023,8,3,Aug,2023-08,64.312,0.011195048082928039,43702829,0.027924049165859343,5
2023-08-04,Fertilizer,2023,8,3,Aug,2023-08,85.295,-0.003476666093430947,2080319,0.016415972020869946,4
2023-08-04,Technology,2023,8,3,Aug,2023-08,159.4225,-0.008296265307392442,6918093,0.024266585756284695,4
2023-08-07,Banking,2023,8,3,Aug,2023-08,72.09400000000001,-0.008305471599958914,9523165,0.023928910170851598,5
2023-08-07,Cement,2023,8,3,Aug,2023-08,201.94500000000002,-0.006756481641570472,6008004,0.019182225433406336,4
2023-08-07,Energy,2023,8,3,Aug,2023-08,62.95399999999999,-0.01799010094801441,47389014,0.027143462323173655,5
2023-08-07,Fertilizer,2023,8,3,Aug,2023-08,85.0275,-0.001349749732646982,3104759,0.01560156393027666,4
2023-08-07,Technology,2023,8,3,Aug,2023-08,158.1825,-0.014987955256452856,7917205,0.023495404682054924,4
2023-08-08,Banking,2023,8,3,Aug,2023-08,71.626,-0.011091710529455567,5455402,0.02411178246481,5
2023-08-08,Cement,2023,8,3,Aug,2023-08,198.32249999999996,-0.03737080406865462,18448897,0.020561186057045565,4
2023-08-08,Energy,2023,8,3,Aug,2023-08,58.698,-0.060712775390076204,49813578,0.029668694394498697,5
2023-08-08,Fertilizer,2023,8,3,Aug,2023-08,85.805,0.0008465547203462265,6075519,0.014858839313159136,4
2023-08-08,Technology,2023,8,3,Aug,2023-08,154.475,-0.025207938020448212,12342376,0.02341579834752515,4
2023-08-09,Banking,2023,8,3,Aug,2023-08,73.4,0.02329725729055556,6370860,0.02426049954339323,5
2023-08-09,Cement,2023,8,3,Aug,2023-08,201.50999999999996,0.027672520243101573,15663553,0.021118797247977068,4
2023-08-09,Energy,2023,8,3,Aug,2023-08,61.81,0.05156300988261715,72943776,0.030842776957059097,5
2023-08-09,Fertilizer,2023,8,3,Aug,2023-08,86.2375,0.002871327941509516,1518376,0.0149012579546586,4
2023-08-09,Technology,2023,8,3,Aug,2023-08,155.01749999999998,0.011269870458501946,15197538,0.02346146068677394,4
2023-08-10,Banking,2023,8,3,Aug,2023-08,72.962,-0.009889805322508782,28472234,0.02460857897853632,5
2023-08-10,Cement,2023,8,3,Aug,2023-08,201.8425,-0.003550808168878261,10231786,0.021258442740675003,4
2023-08-10,Energy,2023,8,3,Aug,2023-08,59.778,-0.03578017811985277,43249255,0.0318590451676915,5
2023-08-10,Fertilizer,2023,8,3,Aug,2023-08,86.1,-0.007000295385882621,2053049,0.015151728073576863,4
2023-08-10,Technology,2023,8,3,Aug,2023-08,151.95,-0.022679335974864295,7598261,0.023991933628245338,4
2023-08-11,Banking,2023,8,3,Aug,2023-08,74.518,0.024503409288009648,29333116,0.025045534974502397,5
2023-08-11,Cement,2023,8,3,Aug,2023-08,203.83,0.008271164535466474,8779335,0.02138045647191086,4
2023-08-11,Energy,2023,8,3,Aug,2023-08,61.029999999999994,0.01653387032455784,45991081,0.031956062367215196,5
2023-08-11,Fertilizer,2023,8,3,Aug,2023-08,87.66250000000001,0.013920050827203656,4655022,0.015409175050967913,4
2023-08-11,Technology,2023,8,3,Aug,2023-08,152.055,-0.0008611102571869089,5569361,0.02400199236754776,4
2023-08-14,Banking,2023,8,3,Aug,2023-08,74.518,0.0,0,0.022840818785263284,5
2023-08-14,Cement,2023,8,3,Aug,2023-08,203.83,0.0,0,0.016413114991345765,4
2023-08-14,Energy,2023,8,3,Aug,2023-08,61.029999999999994,0.0,0,0.02803479454291501,5
2023-08-14,Fertilizer,2023,8,3,Aug,2023-08,87.66250000000001,0.0,0,0.012710377294685875,4
2023-08-14,Technology,2023,8,3,Aug,2023-08,152.055,0.0,0,0.02046566979652151,4
2023-08-15,Banking,2023,8,3,Aug,2023-08,74.096,-0.004887385263164812,4886480,0.022671426700079524,5
2023-08-15,Cement,2023,8,3,Aug,2023-08,205.15,-0.0054470748872844366,2741913,0.016099968298364332,4
2023-08-15,Energy,2023,8,3,Aug,2023-08,60.802,-0.0013096158272054791,27720599,0.02800393651950256,5
2023-08-15,Fertilizer,2023,8,3,Aug,2023-08,88.31,0.0057195838787335584,3014864,0.0122063657610351,4
2023-08-15,Technology,2023,8,3,Aug,2023-08,157.69,0.021392644011663187,6852147,0.020861285384153515,4
2023-08-16,Banking,2023,8,3,Aug,2023-08,73.968,-0.002030815581706524,3468447,0.022667838414613648,5
2023-08-16,Cement,2023,8,3,Aug,2023-08,204.74499999999998,-0.01474019712157601,3681014,0.01623357537186331,4
2023-08-16,Energy,2023,8,3,Aug,2023-08,59.612,-0.0190434216982573,21912509,0.028209270670924925,5
2023-08-16,Fertilizer,2023,8,3,Aug,2023-08,87.035,-0.01125013378430309,9042653,0.012410691540623901,4
2023-08-16,Technology,2023,8,3,Aug,2023-08,158.3525,-0.006027508498055695,5125604,0.02026990419334711,4
2023-08-17,Banking,2023,8,3,Aug,2023-08,73.83,-0.0009164581218367163,8920737,0.022525390956804392,5
2023-08-17,Cement,2023,8,3,Aug,2023-08,204.32999999999998,0.0021910618901405943,4267010,0.01581918779352585,4
2023-08-17,Energy,2023,8,3,Aug,2023-08,60.248000000000005,0.008562258014482049,19097741,0.028018399371926416,5
2023-08-17,Fertilizer,2023,8,3,Aug,2023-08,84.5375,-0.010450350787925972,4958253,0.012715283685305456,4
2023-08-17,Technology,2023,8,3,Aug,2023-08,162.6575,0.017775903777684787,10404554,0.020673400894902206,4
2023-08-18,Banking,2023,8,3,Aug,2023-08,73.48400000000001,-0.0016599091316537695,5779922,0.022562381290355763,5
2023-08-18,Cement,2023,8,3,Aug,2023-08,201.405,-0.013296525049380226,4543450,0.01607224259718788,4
2023-08-18,Energy,2023,8,3,Aug,2023-08,60.524,0.005494464129288357,54078236,0.027949803894614027,5
2023-08-18,Fertilizer,2023,8,3,Aug,2023-08,84.36,0.0016190630216178503,5229860,0.012526018636008749,4
2023-08-18,Technology,2023,8,3,Aug,2023-08,162.035,-0.004598791699922722,5705571,0.01804195310910188,4
2023-08-21,Banking,2023,8,3,Aug,2023-08,71.44800000000001,-0.0269618947539102,5261922,0.021993213833876292,5
2023-08-21,Cement,2023,8,3,Aug,2023-08,199.23499999999999,-0.006034117980255743,4860919,0.016226971769401632,4
2023-08-21,Energy,2023,8,3,Aug,2023-08,59.120000000000005,-0.021135253249045926,16374004,0.027973019156485847,5
2023-08-21,Fertilizer,2023,8,3,Aug,2023-08,83.4925,-0.009999946607025162,4430961,0.012637869242255623,4
2023-08-21,Technology,2023,8,3,Aug,2023-08,160.4425,-0.021257252124990716,6511336,0.018259133915804953,4
2023-08-22,Banking,2023,8,3,Aug,2023-08,71.44200000000001,0.00166755366974074,5031733,0.0217919665588913,5
2023-08-22,Cement,2023,8,3,Aug,2023-08,198.1175,-0.0048708661633912465,2962312,0.015510147923387464,4
2023-08-22,Energy,2023,8,3,Aug,2023-08,60.108000000000004,0.011944125789863503,23241249,0.028026930316220645,5
2023-08-22,Fertilizer,2023,8,3,Aug,2023-08,83.19749999999999,-0.0020114247116795325,1241576,0.011617163930096187,4
2023-08-22,Technology,2023,8,3,Aug,2023-08,160.28,0.0002878019125163167,3604481,0.0181615763235246,4
2023-08-23,Banking,2023,8,3,Aug,2023-08,71.288,-0.001976143490333593,11566102,0.0217373845304833,5
2023-08-23,Cement,2023,8,3,Aug,2023-08,197.0325,-0.012007481058951636,3946399,0.015282683888871832,4
2023-08-23,Energy,2023,8,3,Aug,2023-08,60.50600000000001,0.002308063931055071,33326286,0.028002880058567724,5
2023-08-23,Fertilizer,2023,8,3,Aug,2023-08,83.14750000000001,-0.005936414434709825,1079656,0.011630090322097395,4
2023-08-23,Technology,2023,8,3,Aug,2023-08,159.1875,-0.011726029671428911,6020061,0.01822360446671799,4
2023-08-24,Banking,2023,8,3,Aug,2023-08,72.684,0.018938206048211993,20614384,0.021407076870423286,5
2023-08-24,Cement,2023,8,3,Aug,2023-08,197.57999999999998,0.005283163766028942,4594536,0.015255898490555477,4
2023-08-24,Energy,2023,8,3,Aug,2023-08,60.669999999999995,0.0018041127271595902,29834268,0.02795707332752175,5
2023-08-24,Fertilizer,2023,8,3,Aug,2023-08,83.66499999999999,0.003224936561855518,2836003,0.011361815276763556,4
2023-08-24,Technology,2023,8,3,Aug,2023-08,161.0025,0.0025452489292675518,3778667,0.01803255231468661,4
2023-08-25,Banking,2023,8,3,Aug,2023-08,72.818,0.002457688067054109,3669971,0.0212824728024979,5
2023-08-25,Cement,2023,8,3,Aug,2023-08,197.63500000000002,0.0004867281616015018,5907104,0.015284745054955728,4
2023-08-25,Energy,2023,8,3,Aug,2023-08,60.102,-0.008552147131016218,12410639,0.027883930632088737,5
2023-08-25,Fertilizer,2023,8,3,Aug,2023-08,84.735,0.003421205371843705,1822140,0.011355879779068554,4
2023-08-25,Technology,2023,8,3,Aug,2023-08,159.91750000000002,-0.0160660561089071,4088112,0.01748483867447006,4
2023-08-28,Banking,2023,8,3,Aug,2023-08,72.74600000000001,0.000874001959732551,4313797,0.021177878329431812,5
2023-08-28,Cement,2023,8,3,Aug,2023-08,194.92999999999998,-0.009259509917504405,5036838,0.015282087053034618,4
2023-08-28,Energy,2023,8,3,Aug,2023-08,58.946000000000005,-0.017670386560345586,10242571,0.027910944259979188,5
2023-08-28,Fertilizer,2023,8,3,Aug,2023-08,85.125,0.014499664132319512,2332099,0.012256022336473315,4
2023-08-28,Technology,2023,8,3,Aug,2023-08,158.605,-0.017562802414748613,4817033,0.01747177687881674,4
2023-08-29,Banking,2023,8,3,Aug,2023-08,72.232,-0.010824240493640658,3190878,0.021307942560374576,5
2023-08-29,Cement,2023,8,3,Aug,2023-08,192.73250000000002,-0.017312009029132713,4548067,0.015483420349381972,4
2023-08-29,Energy,2023,8,3,Aug,2023-08,57.786,-0.021382333051003587,18296123,0.028069380390794495,5
2023-08-29,Fertilizer,2023,8,3,Aug,2023-08,84.175,-0.017618805955967515,1145547,0.012715154667216323,4
2023-08-29,Technology,2023,8,3,Aug,2023-08,151.0625,-0.00908870977635265,13817968,0.01903327055336004,4
2023-08-30,Banking,2023,8,3,Aug,2023-08,72.348,0.0018702162541859302,9619166,0.020171628983495577,5
2023-08-30,Cement,2023,8,3,Aug,2023-08,190.785,-0.01513444793638652,5922893,0.015438135194920665,4
2023-08-30,Energy,2023,8,3,Aug,2023-08,56.602,-0.01704920189383108,18556471,0.028240691445669947,5
2023-08-30,Fertilizer,2023,8,3,Aug,2023-08,83.44,-0.011715282385797776,2745916,0.012546444604301427,4
2023-08-30,Technology,2023,8,3,Aug,2023-08,148.455,-0.029705293736859345,5418270,0.019365402752603088,4
2023-08-31,Banking,2023,8,3,Aug,2023-08,69.54400000000001,-0.030044711038452833,15420609,0.02154004246481472,5
2023-08-31,Cement,2023,8,3,Aug,2023-08,183.76749999999998,-0.049871702207576946,12010618,0.017672722060064004,4
2023-08-31,Energy,2023,8,3,Aug,2023-08,54.538,-0.03098861365936074,40794667,0.02863258772369349,5
2023-08-31,Fertilizer,2023,8,3,Aug,2023-08,81.7525,-0.013470351280744586,2840775,0.012729237457234423,4
2023-08-31,Technology,2023,8,3,Aug,2023-08,148.6,-0.014410280298100292,6744351,0.01931177552341459,4
2023-09-01,Banking,2023,9,3,Sep,2023-09,69.96600000000001,0.00262345360830738,2643018,0.020399713400780423,5
2023-09-01,Cement,2023,9,3,Sep,2023-09,182.30999999999997,-0.007669362573929778,6670043,0.017460754295457667,4
2023-09-01,Energy,2023,9,3,Sep,2023-09,55.27,0.009535209696343739,12738030,0.028683174679022965,5
2023-09-01,Fertilizer,2023,9,3,Sep,2023-09,81.8125,0.0009986352785389674,1429450,0.012640369501935532,4
2023-09-01,Technology,2023,9,3,Sep,2023-09,148.385,0.0007490943488892288,3310982,0.019337711252464657,4
2023-09-04,Banking,2023,9,3,Sep,2023-09,69.954,-0.0021516569987950263,1013514,0.020226850162397773,5
2023-09-04,Cement,2023,9,3,Sep,2023-09,184.035,0.01408761800092867,4470602,0.01773959711535575,4
2023-09-04,Energy,2023,9,3,Sep,2023-09,56.334,0.016254897057928062,8616852,0.028760627333157412,5
2023-09-04,Fertilizer,2023,9,3,Sep,2023-09,83.6875,0.012480421874494052,2419702,0.01290539420734511,4
2023-09-04,Technology,2023,9,3,Sep,2023-09,149.255,0.011017272761392138,3530196,0.019537767681828973,4
2023-09-05,Banking,2023,9,3,Sep,2023-09,69.83,-0.001353559079719613,1995644,0.01970439536288344,5
2023-09-05,Cement,2023,9,3,Sep,2023-09,183.1825,0.009261057774351017,10588529,0.018066727380230713,4
2023-09-05,Energy,2023,9,3,Sep,2023-09,55.42999999999999,-0.012697521757283914,9640197,0.028813725400663008,5
2023-09-05,Fertilizer,2023,9,3,Sep,2023-09,83.73750000000001,-0.001943845957769058,2426488,0.012785247373021644,4
2023-09-05,Technology,2023,9,3,Sep,2023-09,149.0225,0.0067719426531585025,5652463,0.01954518889239517,4
2023-09-06,Banking,2023,9,3,Sep,2023-09,70.732,0.014812943568458992,2431938,0.019905809889762656,5
2023-09-06,Cement,2023,9,3,Sep,2023-09,183.3175,0.010789513024001413,14427861,0.01823861636435846,4
2023-09-06,Energy,2023,9,3,Sep,2023-09,56.116,0.011397002419310165,10122975,0.028834559098259195,5
2023-09-06,Fertilizer,2023,9,3,Sep,2023-09,83.935,0.01577403230311794,1752170,0.013470338046205624,4
2023-09-06,Technology,2023,9,3,Sep,2023-09,150.16,0.008437964981397206,2420589,0.01934238599976126,4
2023-09-07,Banking,2023,9,3,Sep,2023-09,69.982,-0.013776377722879162,3064954,0.020275834757148253,5
2023-09-07,Cement,2023,9,3,Sep,2023-09,178.86,-0.02013044373086717,13744921,0.018647983359801414,4
2023-09-07,Energy,2023,9,3,Sep,2023-09,57.14,0.020382055919259744,31747844,0.02925876595010284,5
2023-09-07,Fertilizer,2023,9,3,Sep,2023-09,84.1925,-4.8738718348151355e-05,823613,0.013490998564481162,4
2023-09-07,Technology,2023,9,3,Sep,2023-09,149.28,-0.00046690335600482746,4613636,0.01942836542740307,4
2023-09-08,Banking,2023,9,3,Sep,2023-09,70.606,0.015370072069167785,14145136,0.020777752422150415,5
2023-09-08,Cement,2023,9,3,Sep,2023-09,180.33,0.003472899724944717,3836731,0.018728533930418435,4
2023-09-08,Energy,2023,9,3,Sep,2023-09,57.751999999999995,0.012481715320608266,15214537,0.02942465204545302,5
2023-09-08,Fertilizer,2023,9,3,Sep,2023-09,83.7975,-0.0002978670242985981,1310230,0.013523578055969012,4
2023-09-08,Technology,2023,9,3,Sep,2023-09,151.2725,0.013782984214202543,2505647,0.019689631195966062,4
2023-09-11,Banking,2023,9,3,Sep,2023-09,69.99199999999999,-0.005358982505298693,63766039,0.01769882491401814,5
2023-09-11,Cement,2023,9,3,Sep,2023-09,179.445,-0.00909191161688025,2288984,0.01787764388251835,4
2023-09-11,Energy,2023,9,3,Sep,2023-09,58.69199999999999,0.026215223426514632,31278124,0.024332968072731644,5
2023-09-11,Fertilizer,2023,9,3,Sep,2023-09,82.7625,-0.0018378182202027915,1491165,0.013438853413014906,4
2023-09-11,Technology,2023,9,3,Sep,2023-09,151.055,0.005293415103830829,3602178,0.019742733716156653,4
2023-09-12,Banking,2023,9,3,Sep,2023-09,69.9,-0.003921851122881214,8964044,0.017874487283668493,5
2023-09-12,Cement,2023,9,3,Sep,2023-09,176.6525,-0.010122037887550728,3711282,0.01748969763970111,4
2023-09-12,Energy,2023,9,3,Sep,2023-09,57.54,-0.024856554262236697,12354033,0.02470489014640866,5
2023-09-12,Fertilizer,2023,9,3,Sep,2023-09,82.42,-0.007046591964461363,636985,0.013337506205475653,4
2023-09-12,Technology,2023,9,3,Sep,2023-09,149.66,-0.013840631729419156,2154453,0.018437697918707495,4
2023-09-13,Banking,2023,9,3,Sep,2023-09,69.53,-0.005305087416148857,3500384,0.01701211032338889,5
2023-09-13,Cement,2023,9,3,Sep,2023-09,180.1075,0.009519034259163506,5839124,0.017759148647347893,4
2023-09-13,Energy,2023,9,3,Sep,2023-09,58.236000000000004,0.01095440092787583,11284098,0.024202856728361043,5
2023-09-13,Fertilizer,2023,9,3,Sep,2023-09,82.10749999999999,-0.0030394303424267632,447911,0.012293683523120968,4
2023-09-13,Technology,2023,9,3,Sep,2023-09,149.1275,-0.00883836260630691,1471025,0.018211354015039538,4
2023-09-14,Banking,2023,9,3,Sep,2023-09,69.708,0.0025245610688759967,1620345,0.016186438756493265,5
2023-09-14,Cement,2023,9,3,Sep,2023-09,175.61499999999998,-0.008605547986859585,8696694,0.017725994458573015,4
2023-09-14,Energy,2023,9,3,Sep,2023-09,58.234,-0.000984907155860615,7611369,0.024100770033926227,5
2023-09-14,Fertilizer,2023,9,3,Sep,2023-09,82.16,0.00428448454055555,1291647,0.01223966532056613,4
2023-09-14,Technology,2023,9,3,Sep,2023-09,149.5675,0.0026163390482464577,2252689,0.017522051875399288,4
2023-09-15,Banking,2023,9,3,Sep,2023-09,68.966,-0.010250452444962255,36727668,0.016136916060543016,5
2023-09-15,Cement,2023,9,3,Sep,2023-09,182.7525,0.04850551379200502,32011078,0.020376325278774615,4
2023-09-15,Energy,2023,9,3,Sep,2023-09,58.424,0.0026020423821471626,17607513,0.023915949360749745,5
2023-09-15,Fertilizer,2023,9,3,Sep,2023-09,82.12,0.012724050317958313,4947289,0.013272232473229832,4
2023-09-15,Technology,2023,9,3,Sep,2023-09,150.035,0.004175053495446862,9773106,0.017612129032823765,4
2023-09-18,Banking,2023,9,3,Sep,2023-09,69.412,0.005317101149307835,3298789,0.01608679063436009,5
2023-09-18,Cement,2023,9,3,Sep,2023-09,181.025,-0.013239074656977406,8740916,0.02040034532960577,4
2023-09-18,Energy,2023,9,3,Sep,2023-09,58.7,0.007926198480726176,6931394,0.02383247904247094,5
2023-09-18,Fertilizer,2023,9,3,Sep,2023-09,81.89250000000001,0.0007781363670363306,999750,0.013310125342738139,4
2023-09-18,Technology,2023,9,3,Sep,2023-09,150.7225,-0.0008742474432092695,1326628,0.017463761430891764,4
2023-09-19,Banking,2023,9,3,Sep,2023-09,69.65599999999999,0.0010454355938084748,4429529,0.01571391702428674,5
2023-09-19,Cement,2023,9,3,Sep,2023-09,179.89000000000001,-0.010393244014397202,2984898,0.019216225777328996,4
2023-09-19,Energy,2023,9,3,Sep,2023-09,58.91799999999999,0.00022297999807954216,11929672,0.021014371026827596,5
2023-09-19,Fertilizer,2023,9,3,Sep,2023-09,81.9,-0.0031469425371365434,1512795,0.013165848920123341,4
2023-09-19,Technology,2023,9,3,Sep,2023-09,151.15,0.008019273186536058,4290306,0.01720761699060798,4
2023-09-20,Banking,2023,9,3,Sep,2023-09,69.636,-0.0024911934916558077,1972065,0.014980783076891305,5
2023-09-20,Cement,2023,9,3,Sep,2023-09,179.3775,-0.004702671022789373,4518058,0.018213064961601383,4
2023-09-20,Energy,2023,9,3,Sep,2023-09,58.278,-0.007741041478687216,10371446,0.018673042086239662,5
2023-09-20,Fertilizer,2023,9,3,Sep,2023-09,81.415,-0.012344579794506816,807944,0.013412917758424327,4
2023-09-20,Technology,2023,9,3,Sep,2023-09,149.4675,-0.013393944141971398,1780755,0.017054011479573805,4
2023-09-21,Banking,2023,9,3,Sep,2023-09,70.516,0.009367645762091259,6165640,0.014880079808899358,5
2023-09-21,Cement,2023,9,3,Sep,2023-09,184.035,0.02961801811402237,19637994,0.01918801633821469,4
2023-09-21,Energy,2023,9,3,Sep,2023-09,58.80800000000001,0.007317535204176773,7046100,0.01757009633614802,5
2023-09-21,Fertilizer,2023,9,3,Sep,2023-09,81.93,0.015932008960632793,2252229,0.013685553283871256,4
2023-09-21,Technology,2023,9,3,Sep,2023-09,149.6575,0.00746707284159992,5929843,0.01671312123661625,4
2023-09-22,Banking,2023,9,3,Sep,2023-09,70.78,0.0038645140291402756,5011456,0.013861933066849384,5
2023-09-22,Cement,2023,9,3,Sep,2023-09,183.5375,-0.010366483960159517,8558488,0.018975009601507997,4
2023-09-22,Energy,2023,9,3,Sep,2023-09,59.48,0.01155806024500805,14388938,0.01729066519967402,5
2023-09-22,Fertilizer,2023,9,3,Sep,2023-09,81.7975,0.007270909270337217,1266845,0.013489653384838029,4
2023-09-22,Technology,2023,9,3,Sep,2023-09,148.5025,-0.007565281507450006,3491500,0.016777692811906615,4
2023-09-25,Banking,2023,9,3,Sep,2023-09,70.374,-0.004670028899198075,4936528,0.014051635544311644,5
2023-09-25,Cement,2023,9,3,Sep,2023-09,185.0725,0.007125378528224868,4092865,0.019079783204272643,4
2023-09-25,Energy,2023,9,3,Sep,2023-09,59.443999999999996,-0.000379118668992251,9079425,0.017319893612841746,5
2023-09-25,Fertilizer,2023,9,3,Sep,2023-09,81.235,-0.013036071309677377,2433785,0.013924565560956887,4
2023-09-25,Technology,2023,9,3,Sep,2023-09,147.7525,-0.0009237835435993436,5225535,0.01684382525507632,4
2023-09-26,Banking,2023,9,3,Sep,2023-09,70.098,-0.005898803375404693,3366136,0.014262596683671806,5
2023-09-26,Cement,2023,9,3,Sep,2023-09,185.835,-0.0010908921314863318,3474633,0.018996995054982698,4
2023-09-26,Energy,2023,9,3,Sep,2023-09,59.104,-0.00570487611932875,8593272,0.017214956321290747,5
2023-09-26,Fertilizer,2023,9,3,Sep,2023-09,80.86,0.0013131955079829782,1174432,0.013808693246262826,4
2023-09-26,Technology,2023,9,3,Sep,2023-09,146.5125,-0.004570625588446897,8767459,0.016075426903244414,4
2023-09-27,Banking,2023,9,3,Sep,2023-09,69.352,-0.009131298929933918,3271971,0.014395207563855492,5
2023-09-27,Cement,2023,9,3,Sep,2023-09,186.5625,0.008559299619177119,14316018,0.018843989663130563,4
2023-09-27,Energy,2023,9,3,Sep,2023-09,60.25599999999999,0.02045492570781069,24690108,0.01718423919512977,5
2023-09-27,Fertilizer,2023,9,3,Sep,2023-09,80.94500000000001,0.005023838074939446,1192994,0.01381007674115845,4
2023-09-27,Technology,2023,9,3,Sep,2023-09,144.8025,-0.002576505094746384,4968405,0.01605981551440243,4
2023-09-28,Banking,2023,9,3,Sep,2023-09,69.352,0.0,0,0.014328629665580808,5
2023-09-28,Cement,2023,9,3,Sep,2023-09,186.5625,0.0,0,0.01881753170939992,4
2023-09-28,Energy,2023,9,3,Sep,2023-09,60.25599999999999,0.0,0,0.017077988277679555,5
2023-09-28,Fertilizer,2023,9,3,Sep,2023-09,80.94500000000001,0.0,0,0.013077591672325698,4
2023-09-28,Technology,2023,9,3,Sep,2023-09,144.8025,0.0,0,0.015421739555516312,4
2023-09-29,Banking,2023,9,3,Sep,2023-09,69.352,0.0,0,0.014278508709839665,5
2023-09-29,Cement,2023,9,3,Sep,2023-09,186.5625,0.0,0,0.018692761034693736,4
2023-09-29,Energy,2023,9,3,Sep,2023-09,60.25599999999999,0.0,0,0.016956836935506255,5
2023-09-29,Fertilizer,2023,9,3,Sep,2023-09,80.94500000000001,0.0,0,0.013049769064121933,4
2023-09-29,Technology,2023,9,3,Sep,2023-09,144.8025,0.0,0,0.01541542059062534,4
2023-10-02,Banking,2023,10,4,Oct,2023-10,69.296,-0.002357212057052749,3629703,0.01353413644093605,5
2023-10-02,Cement,2023,10,4,Oct,2023-10,187.5275,-0.0026688895716102112,4324986,0.01874389755335592,4
2023-10-02,Energy,2023,10,4,Oct,2023-10,61.05,0.012449908448626257,31557501,0.01658705072998755,5
2023-10-02,Fertilizer,2023,10,4,Oct,2023-10,82.64,0.009413834927203102,2380565,0.013520856743028041,4
2023-10-02,Technology,2023,10,4,Oct,2023-10,143.3825,-0.013668101664885024,5063944,0.014962319143740637,4
2023-10-03,Banking,2023,10,4,Oct,2023-10,69.636,0.005355836447374274,3302074,0.013544333803375174,5
2023-10-03,Cement,2023,10,4,Oct,2023-10,188.6225,0.005417969889689789,4482561,0.01875939350563139,4
2023-10-03,Energy,2023,10,4,Oct,2023-10,60.772000000000006,-0.00480012961009102,16311263,0.016263716922494596,5
2023-10-03,Fertilizer,2023,10,4,Oct,2023-10,83.905,0.011329598792169215,2899210,0.014453755695357447,4
2023-10-03,Technology,2023,10,4,Oct,2023-10,142.4525,-0.0053702268534797926,2831315,0.015001116191405518,4
2023-10-04,Banking,2023,10,4,Oct,2023-10,71.70599999999999,0.027341271658155385,11438014,0.01531571791613794,5
2023-10-04,Cement,2023,10,4,Oct,2023-10,189.31750000000002,0.0064013428720035015,8491705,0.01869310277144304,4
2023-10-04,Energy,2023,10,4,Oct,2023-10,60.348,-0.010668795111339025,9839590,0.01635887022531634,5
2023-10-04,Fertilizer,2023,10,4,Oct,2023-10,83.8375,0.01131550377360152,3213247,0.014544165300546889,4
2023-10-04,Technology,2023,10,4,Oct,2023-10,141.525,-0.0012821976169374028,3473976,0.014746250198214019,4
2023-10-05,Banking,2023,10,4,Oct,2023-10,72.058,0.00271244410633078,4154179,0.014779500149776609,5
2023-10-05,Cement,2023,10,4,Oct,2023-10,195.33499999999998,0.05559868638818671,34886625,0.021447080528125207,4
2023-10-05,Energy,2023,10,4,Oct,2023-10,60.160000000000004,-0.0018394130924778373,12513787,0.01639112083301674,5
2023-10-05,Fertilizer,2023,10,4,Oct,2023-10,84.19749999999999,0.008780243821366468,4010088,0.014751183684571473,4
2023-10-05,Technology,2023,10,4,Oct,2023-10,142.125,0.016590397652307604,9843660,0.01524222876483292,4
2023-10-06,Banking,2023,10,4,Oct,2023-10,71.58,-0.007280904789763509,2467292,0.014853320832151582,5
2023-10-06,Cement,2023,10,4,Oct,2023-10,193.97250000000003,-0.011218519766219237,15013058,0.021591562248469674,4
2023-10-06,Energy,2023,10,4,Oct,2023-10,59.646,-0.0033714738441414705,17692206,0.01641558293428887,5
2023-10-06,Fertilizer,2023,10,4,Oct,2023-10,84.63,0.0003333666107999955,1526407,0.014638340336464491,4
2023-10-06,Technology,2023,10,4,Oct,2023-10,144.0975,0.019322756073721636,20002602,0.01544292712553118,4
2023-10-09,Banking,2023,10,4,Oct,2023-10,72.07000000000001,0.003947554587165647,2891289,0.014843424467574168,5
2023-10-09,Cement,2023,10,4,Oct,2023-10,194.4025,0.00545552488556883,8734509,0.02148499541324094,4
2023-10-09,Energy,2023,10,4,Oct,2023-10,59.54600000000001,-0.0020570317820800764,13698058,0.016102191469028894,5
2023-10-09,Fertilizer,2023,10,4,Oct,2023-10,85.16,0.015145817306598613,4550095,0.014649039044659232,4
2023-10-09,Technology,2023,10,4,Oct,2023-10,143.425,-0.0011534415650514274,10391374,0.01513127354810078,4
2023-10-10,Banking,2023,10,4,Oct,2023-10,72.54400000000001,0.005474554095791007,3484191,0.014670722146755775,5
2023-10-10,Cement,2023,10,4,Oct,2023-10,195.29999999999998,0.009520373835355422,15878775,0.0213013141102244,4
2023-10-10,Energy,2023,10,4,Oct,2023-10,60.032000000000004,0.004632180711838551,10747835,0.01562585837269463,5
2023-10-10,Fertilizer,2023,10,4,Oct,2023-10,86.0525,0.010134176334037293,4721641,0.014316948525761243,4
2023-10-10,Technology,2023,10,4,Oct,2023-10,143.9675,0.011137605520392724,12271009,0.013008490898766002,4
2023-10-11,Banking,2023,10,4,Oct,2023-10,72.80199999999999,0.004244679744696977,2393925,0.014687610234964931,5
2023-10-11,Cement,2023,10,4,Oct,2023-10,194.505,-0.001765829719314882,10776691,0.02112890549197695,4
2023-10-11,Energy,2023,10,4,Oct,2023-10,61.108000000000004,0.024970962006803044,29722868,0.015868843547706932,5
2023-10-11,Fertilizer,2023,10,4,Oct,2023-10,87.51,0.0054164256672175615,4033674,0.014468950852299644,4
2023-10-11,Technology,2023,10,4,Oct,2023-10,144.0725,-0.0012079128600413769,11171006,0.011691551677409089,4
2023-10-12,Banking,2023,10,4,Oct,2023-10,73.16,0.002914955630100602,8461055,0.012627039406771502,5
2023-10-12,Cement,2023,10,4,Oct,2023-10,195.34250000000003,-0.001703255814153315,4687844,0.018612152639615114,4
2023-10-12,Energy,2023,10,4,Oct,2023-10,61.378,0.004895899497006151,21889001,0.014132447797152059,5
2023-10-12,Fertilizer,2023,10,4,Oct,2023-10,89.14,0.015769467598731268,4994444,0.014333460044477714,4
2023-10-12,Technology,2023,10,4,Oct,2023-10,142.7875,-0.029198122038992552,17022406,0.012953334322937195,4
2023-10-13,Banking,2023,10,4,Oct,2023-10,74.51599999999999,0.020698831596447455,10853881,0.013056269322554473,5
2023-10-13,Cement,2023,10,4,Oct,2023-10,198.2925,0.02183312935397297,11892400,0.018783373386589627,4
2023-10-13,Energy,2023,10,4,Oct,2023-10,62.94,0.02911468827825523,42017130,0.014790090323635357,5
2023-10-13,Fertilizer,2023,10,4,Oct,2023-10,89.935,0.006285416479004935,3582669,0.014579165459976269,4
2023-10-13,Technology,2023,10,4,Oct,2023-10,142.2275,-0.007062491542417226,15962153,0.013605258943573943,4
2023-10-16,Banking,2023,10,4,Oct,2023-10,74.882,0.0077773471802692114,4098182,0.013423568470364508,5
2023-10-16,Cement,2023,10,4,Oct,2023-10,197.8675,0.01275486836091344,20659927,0.01893759064765585,4
2023-10-16,Energy,2023,10,4,Oct,2023-10,63.2,-0.0003457418242146071,26716516,0.014662826526417178,5
2023-10-16,Fertilizer,2023,10,4,Oct,2023-10,89.155,-0.010783010467488058,2019061,0.014585589766716174,4
2023-10-16,Technology,2023,10,4,Oct,2023-10,145.3125,0.031519549348609455,14842530,0.015126696891175698,4
2023-10-17,Banking,2023,10,4,Oct,2023-10,73.846,-0.01470053491265082,1911965,0.013763622330328504,5
2023-10-17,Cement,2023,10,4,Oct,2023-10,200.0175,0.01309880193988558,29856715,0.019024343963292986,4
2023-10-17,Energy,2023,10,4,Oct,2023-10,62.513999999999996,-0.00938917368303458,16719515,0.014469810542796299,5
2023-10-17,Fertilizer,2023,10,4,Oct,2023-10,89.2125,0.011246563985292973,6797126,0.014854206048544967,4
2023-10-17,Technology,2023,10,4,Oct,2023-10,143.1525,-0.022260559577664984,8094931,0.01562930702698221,4
2023-10-18,Banking,2023,10,4,Oct,2023-10,73.95599999999999,-0.004029776363033632,2411555,0.01363702881802841,5
2023-10-18,Cement,2023,10,4,Oct,2023-10,199.7275,-0.015309975483376259,13294323,0.019433508263347464,4
2023-10-18,Energy,2023,10,4,Oct,2023-10,62.076,-0.009357019291041935,12357705,0.014587273051634233,5
2023-10-18,Fertilizer,2023,10,4,Oct,2023-10,89.005,-0.004222975735418494,2490500,0.014607446329353704,4
2023-10-18,Technology,2023,10,4,Oct,2023-10,143.5075,-0.0033303540567728995,8097190,0.015606949299128658,4
2023-10-19,Banking,2023,10,4,Oct,2023-10,75.264,0.016808705100330234,6878589,0.013599523844670766,5
2023-10-19,Cement,2023,10,4,Oct,2023-10,200.63,0.013052167898498668,14523539,0.01887642774422316,4
2023-10-19,Energy,2023,10,4,Oct,2023-10,66.238,0.07266569619660093,74958404,0.019088282792817515,5
2023-10-19,Fertilizer,2023,10,4,Oct,2023-10,92.36,0.030388040198720323,3628817,0.01583099372730657,4
2023-10-19,Technology,2023,10,4,Oct,2023-10,144.6425,0.0051128374492436235,4508801,0.01566601647384339,4
2023-10-20,Banking,2023,10,4,Oct,2023-10,75.876,0.010517405699746218,8327670,0.013071326334071442,5
2023-10-20,Cement,2023,10,4,Oct,2023-10,203.95499999999998,0.015120973096774015,10744842,0.019015691074948535,4
2023-10-20,Energy,2023,10,4,Oct,2023-10,66.172,-0.0021051789160620115,40915330,0.01904607126826017,5
2023-10-20,Fertilizer,2023,10,4,Oct,2023-10,93.185,0.017165507009586523,4298166,0.0168659355057968,4
2023-10-20,Technology,2023,10,4,Oct,2023-10,145.485,0.005154251273877197,10254535,0.015433036636975038,4
2023-10-23,Banking,2023,10,4,Oct,2023-10,75.61,-0.004730850138554565,3105877,0.01292042288448853,5
2023-10-23,Cement,2023,10,4,Oct,2023-10,204.98000000000002,0.0021016908237858067,8392831,0.01896315156262396,4
2023-10-23,Energy,2023,10,4,Oct,2023-10,68.526,0.03562732618882838,78115225,0.01947329613914169,5
2023-10-23,Fertilizer,2023,10,4,Oct,2023-10,92.98249999999999,0.0020926794732454568,5077100,0.01694488829588025,4
2023-10-23,Technology,2023,10,4,Oct,2023-10,144.58749999999998,-0.005740000047034705,3561010,0.015368404322884804,4
2023-10-24,Banking,2023,10,4,Oct,2023-10,75.66799999999999,0.002685015101776167,2439291,0.012621790995478796,5
2023-10-24,Cement,2023,10,4,Oct,2023-10,204.49999999999997,-0.006867606338768456,5371508,0.018935181454719986,4
2023-10-24,Energy,2023,10,4,Oct,2023-10,67.792,-0.01747865321502573,41189155,0.01922818242520071,5
2023-10-24,Fertilizer,2023,10,4,Oct,2023-10,92.0175,-0.0018282576994002597,4795903,0.017341209745502108,4
2023-10-24,Technology,2023,10,4,Oct,2023-10,144.4325,0.0008426917573852444,2825794,0.01510762583270335,4
2023-10-25,Banking,2023,10,4,Oct,2023-10,75.614,0.0010869230491052262,10269689,0.012630929078340009,5
2023-10-25,Cement,2023,10,4,Oct,2023-10,205.3875,0.020398056053727687,18456561,0.019191904526695405,4
2023-10-25,Energy,2023,10,4,Oct,2023-10,68.95599999999999,0.006429501019048112,44323417,0.019576401696179628,5
2023-10-25,Fertilizer,2023,10,4,Oct,2023-10,90.2975,-0.018281446954766883,2755013,0.01807414876767519,4
2023-10-25,Technology,2023,10,4,Oct,2023-10,148.65,0.009356082332064197,5166987,0.015905949592181008,4
2023-10-26,Banking,2023,10,4,Oct,2023-10,75.614,-0.004698374116511394,9631197,0.012856687521016841,5
2023-10-26,Cement,2023,10,4,Oct,2023-10,206.29250000000002,0.0066039359251878205,11949101,0.01859198886609211,4
2023-10-26,Energy,2023,10,4,Oct,2023-10,67.906,-0.01995225464629058,19704363,0.02010678168285705,5
2023-10-26,Fertilizer,2023,10,4,Oct,2023-10,90.2675,-0.006529778114650081,1463912,0.018214136331553565,4
2023-10-26,Technology,2023,10,4,Oct,2023-10,148.6475,-0.003483571287397874,8744548,0.01588866117816007,4
2023-10-27,Banking,2023,10,4,Oct,2023-10,75.94000000000001,0.004873876313000491,5684415,0.012659258622405481,5
2023-10-27,Cement,2023,10,4,Oct,2023-10,206.375,-0.006441551640630594,10606075,0.01681786165175236,4
2023-10-27,Energy,2023,10,4,Oct,2023-10,66.886,-0.014516782082265589,16479527,0.020402155663138195,5
2023-10-27,Fertilizer,2023,10,4,Oct,2023-10,90.36500000000001,0.0036110269518315474,1956342,0.017664615778284237,4
2023-10-27,Technology,2023,10,4,Oct,2023-10,141.9375,-0.04551873764804895,15804785,0.01787160365775441,4
2023-10-30,Banking,2023,10,4,Oct,2023-10,76.16,-0.002014653606395589,12257510,0.012850805955571273,5
2023-10-30,Cement,2023,10,4,Oct,2023-10,212.7425,0.022788578278297722,16740468,0.017081547349629245,4
2023-10-30,Energy,2023,10,4,Oct,2023-10,68.01,0.01561373036967879,17903798,0.020448718393417074,5
2023-10-30,Fertilizer,2023,10,4,Oct,2023-10,91.27,0.014184627760203322,2687798,0.017953474741451335,4
2023-10-30,Technology,2023,10,4,Oct,2023-10,141.20499999999998,0.0037782881720146433,11781752,0.01801531198326529,4
2023-10-31,Banking,2023,10,4,Oct,2023-10,77.36,0.014071960521978743,5856886,0.013020771709306541,5
2023-10-31,Cement,2023,10,4,Oct,2023-10,212.26749999999998,-0.006613183578936421,11724503,0.017042947666891434,4
2023-10-31,Energy,2023,10,4,Oct,2023-10,68.358,0.006795200918258093,25406378,0.020405365105725153,5
2023-10-31,Fertilizer,2023,10,4,Oct,2023-10,93.66499999999999,0.025044110650812912,20130684,0.01890945845360825,4
2023-10-31,Technology,2023,10,4,Oct,2023-10,141.3175,-0.012326151013081044,15670105,0.01867557846644829,4
2023-11-01,Banking,2023,11,4,Nov,2023-11,77.538,0.0040661273618767925,5453396,0.013108966473545017,5
2023-11-01,Cement,2023,11,4,Nov,2023-11,214.8275,0.018869104642375456,12633166,0.01720739366244188,4
2023-11-01,Energy,2023,11,4,Nov,2023-11,68.686,-0.00023029357006199014,26830705,0.02025679187202471,5
2023-11-01,Fertilizer,2023,11,4,Nov,2023-11,92.795,0.00449676041517319,6570713,0.019266113933061747,4
2023-11-01,Technology,2023,11,4,Nov,2023-11,143.84,0.03093173486563988,24909807,0.01970641724300199,4
2023-11-02,Banking,2023,11,4,Nov,2023-11,77.538,0.0020090528737146673,3719882,0.01311904892134225,5
2023-11-02,Cement,2023,11,4,Nov,2023-11,220.005,0.0234088797639177,31092201,0.017548439064518487,4
2023-11-02,Energy,2023,11,4,Nov,2023-11,68.562,-0.0014020526129518319,20046626,0.020293865221493058,5
2023-11-02,Fertilizer,2023,11,4,Nov,2023-11,94.17999999999999,0.02258588011041568,10567398,0.019584230003497897,4
2023-11-02,Technology,2023,11,4,Nov,2023-11,143.555,0.005093037566770153,11380508,0.019679989542976697,4
2023-11-03,Banking,2023,11,4,Nov,2023-11,76.69399999999999,-0.0040745363501967224,5873764,0.01361200931171189,5
2023-11-03,Cement,2023,11,4,Nov,2023-11,221.91750000000002,-0.0026494515532142215,10403355,0.01754422561693881,4
2023-11-03,Energy,2023,11,4,Nov,2023-11,69.31,0.014624025621253978,31108731,0.020459939507635035,5
2023-11-03,Fertilizer,2023,11,4,Nov,2023-11,93.55250000000001,-0.008134898094882687,2399777,0.019801296256240244,4
2023-11-03,Technology,2023,11,4,Nov,2023-11,144.1725,0.0013405755997519808,12763324,0.019662971835797412,4
2023-11-06,Banking,2023,11,4,Nov,2023-11,77.238,0.0074908936744959576,5156148,0.013487253437599106,5
2023-11-06,Cement,2023,11,4,Nov,2023-11,231.84499999999997,0.04438608715155534,26869433,0.019098733552427062,4
2023-11-06,Energy,2023,11,4,Nov,2023-11,69.122,-0.0040675323659680185,18937880,0.020482702540687864,5
2023-11-06,Fertilizer,2023,11,4,Nov,2023-11,94.94000000000001,0.005974511382586117,2000341,0.019352149870522833,4
2023-11-06,Technology,2023,11,4,Nov,2023-11,143.7875,0.004109468365569274,10984009,0.01965990805500586,4
2023-11-07,Banking,2023,11,4,Nov,2023-11,77.30799999999999,-0.0012351369395727564,11541196,0.013339914101607281,5
2023-11-07,Cement,2023,11,4,Nov,2023-11,237.23250000000002,-0.0009589864758259292,22275373,0.019616862880293552,4
2023-11-07,Energy,2023,11,4,Nov,2023-11,68.194,-0.013138763158193113,24368641,0.020701456560330782,5
2023-11-07,Fertilizer,2023,11,4,Nov,2023-11,94.525,-0.005702579274748626,5408566,0.019419824370966947,4
2023-11-07,Technology,2023,11,4,Nov,2023-11,144.445,-0.00011078240369757908,16557428,0.01980178423336666,4
2023-11-08,Banking,2023,11,4,Nov,2023-11,78.27799999999999,0.01459889294350476,20513500,0.013318476551334196,5
2023-11-08,Cement,2023,11,4,Nov,2023-11,238.23,0.013665457803330033,14184595,0.019626095323071094,4
2023-11-08,Energy,2023,11,4,Nov,2023-11,68.516,0.006766772338925353,23400971,0.020493807033069817,5
2023-11-08,Fertilizer,2023,11,4,Nov,2023-11,95.85249999999999,0.005634958208753538,4389109,0.01925799612258837,4
2023-11-08,Technology,2023,11,4,Nov,2023-11,143.9725,-0.013463471628437362,7161186,0.019839524634355614,4
2023-11-09,Banking,2023,11,4,Nov,2023-11,78.27799999999999,0.0,0,0.013318476551334196,5
2023-11-09,Cement,2023,11,4,Nov,2023-11,238.23,0.0,0,0.019626095323071094,4
2023-11-09,Energy,2023,11,4,Nov,2023-11,68.516,0.0,0,0.020493807033069817,5
2023-11-09,Fertilizer,2023,11,4,Nov,2023-11,95.85249999999999,0.0,0,0.01925799612258837,4
2023-11-09,Technology,2023,11,4,Nov,2023-11,143.9725,0.0,0,0.019839524634355614,4
2023-11-10,Banking,2023,11,4,Nov,2023-11,79.272,0.011846381146481889,10529247,0.013634207190928038,5
2023-11-10,Cement,2023,11,4,Nov,2023-11,240.645,0.020353987276016394,21544164,0.019782365944439738,4
2023-11-10,Energy,2023,11,4,Nov,2023-11,69.674,0.015837196491268468,36705476,0.020703855632664955,5
2023-11-10,Fertilizer,2023,11,4,Nov,2023-11,97.59,0.017665951664428803,8378682,0.01937345553018391,4
2023-11-10,Technology,2023,11,4,Nov,2023-11,146.0925,0.03162055158951921,22661509,0.020863098022714247,4
2023-11-13,Banking,2023,11,4,Nov,2023-11,80.51599999999999,0.013454451181465377,7225825,0.013791817998231662,5
2023-11-13,Cement,2023,11,4,Nov,2023-11,246.615,0.024776772606460606,33563303,0.019885653075896043,4
2023-11-13,Energy,2023,11,4,Nov,2023-11,70.442,0.0038077743477417324,33144126,0.020747780426717613,5
2023-11-13,Fertilizer,2023,11,4,Nov,2023-11,99.0325,0.011979409731430996,13245521,0.019150663659741846,4
2023-11-13,Technology,2023,11,4,Nov,2023-11,148.1,0.029788509384267525,31888272,0.02148567022934383,4
2023-11-14,Banking,2023,11,4,Nov,2023-11,79.608,-0.012819522029292863,7512378,0.014219329072643172,5
2023-11-14,Cement,2023,11,4,Nov,2023-11,243.83999999999997,-9.270790167975607e-05,27809718,0.020175233178693987,4
2023-11-14,Energy,2023,11,4,Nov,2023-11,70.83399999999999,0.006838340374877872,30011893,0.020686007011485357,5
2023-11-14,Fertilizer,2023,11,4,Nov,2023-11,98.5475,-0.007909731225385824,4131698,0.018830081385539627,4
2023-11-14,Technology,2023,11,4,Nov,2023-11,152.79250000000002,0.03369263086040997,30070587,0.022602078932466053,4
2023-11-15,Banking,2023,11,4,Nov,2023-11,78.928,-0.008749449040036073,7714484,0.013131115789080855,5
2023-11-15,Cement,2023,11,4,Nov,2023-11,240.81750000000002,-0.009104287355566593,14996922,0.020485915783534085,4
2023-11-15,Energy,2023,11,4,Nov,2023-11,74.034,0.04644323554724792,92279883,0.02243977626303513,5
2023-11-15,Fertilizer,2023,11,4,Nov,2023-11,98.9425,0.004779376701443044,12268699,0.018711565047293443,4
2023-11-15,Technology,2023,11,4,Nov,2023-11,153.77,0.013528324526866059,26208767,0.0227549502573316,4
2023-11-16,Banking,2023,11,4,Nov,2023-11,79.55,0.008750715888538197,6202745,0.013623848101155769,5
2023-11-16,Cement,2023,11,4,Nov,2023-11,240.0275,0.0009288338593799739,18033027,0.01832432161108396,4
2023-11-16,Energy,2023,11,4,Nov,2023-11,78.006,0.0393961879341808,84791795,0.02400168368722156,5
2023-11-16,Fertilizer,2023,11,4,Nov,2023-11,99.285,0.007742195266794039,13062354,0.018607422603710597,4
2023-11-16,Technology,2023,11,4,Nov,2023-11,155.1175,0.01057977317090636,25062330,0.022620240078659436,4
2023-11-17,Banking,2023,11,4,Nov,2023-11,79.036,-0.010780859982851786,7243030,0.013785428331932647,5
2023-11-17,Cement,2023,11,4,Nov,2023-11,234.92000000000002,-0.011624270369551604,18882928,0.01852532687605647,4
2023-11-17,Energy,2023,11,4,Nov,2023-11,78.624,0.02753514474949772,74987657,0.025214518139256924,5
2023-11-17,Fertilizer,2023,11,4,Nov,2023-11,98.66499999999999,0.008628139742348384,12103902,0.01900899548273701,4
2023-11-17,Technology,2023,11,4,Nov,2023-11,156.13,0.006073718743196954,30154141,0.022552721746271466,4
2023-11-20,Banking,2023,11,4,Nov,2023-11,79.476,0.00405738473544095,2900775,0.01373561476746418,5
2023-11-20,Cement,2023,11,4,Nov,2023-11,230.0475,-0.017161511255915418,22336870,0.019106534073326544,4
2023-11-20,Energy,2023,11,4,Nov,2023-11,78.41,0.0075448053628283775,47987337,0.025443797692206033,5
2023-11-20,Fertilizer,2023,11,4,Nov,2023-11,98.5575,0.02218104068808177,24162596,0.019259090315530053,4
2023-11-20,Technology,2023,11,4,Nov,2023-11,154.5025,-0.006180518352850439,11465881,0.02254064277229973,4
2023-11-21,Banking,2023,11,4,Nov,2023-11,80.288,0.011363134909754113,4443242,0.013857313896964546,5
2023-11-21,Cement,2023,11,4,Nov,2023-11,232.68,0.006662442306557714,17140005,0.019078652939191965,4
2023-11-21,Energy,2023,11,4,Nov,2023-11,78.108,-0.007675530700092059,25724760,0.0256209948742231,5
2023-11-21,Fertilizer,2023,11,4,Nov,2023-11,98.73,0.018463171540426704,28216188,0.01986764541511489,4
2023-11-21,Technology,2023,11,4,Nov,2023-11,154.53,0.006910848038008122,29348517,0.022842431490944205,4
2023-11-22,Banking,2023,11,4,Nov,2023-11,80.384,0.00114658916500614,8189788,0.014270637881163905,5
2023-11-22,Cement,2023,11,4,Nov,2023-11,238.8475,0.009742725383535655,9488664,0.019207085683726744,4
2023-11-22,Energy,2023,11,4,Nov,2023-11,81.488,0.04333157714002067,64380799,0.026223172656622017,5
2023-11-22,Fertilizer,2023,11,4,Nov,2023-11,100.6575,0.011746742922962267,28611505,0.019724389331105555,4
2023-11-22,Technology,2023,11,4,Nov,2023-11,156.27,0.020349168425293274,24546874,0.0231457097844709,4
2023-11-23,Banking,2023,11,4,Nov,2023-11,81.73400000000001,0.02473993166950328,13375676,0.015209301154531766,5
2023-11-23,Cement,2023,11,4,Nov,2023-11,241.71250000000003,0.0059064843647593235,18042668,0.01913589067245962,4
2023-11-23,Energy,2023,11,4,Nov,2023-11,80.28200000000001,-0.015633765710116765,36657541,0.026606572232613,5
2023-11-23,Fertilizer,2023,11,4,Nov,2023-11,100.7525,0.0037274624377119925,18687011,0.019532435359763352,4
2023-11-23,Technology,2023,11,4,Nov,2023-11,164.65,0.06054478235563199,50603542,0.0243921106988748,4
2023-11-24,Banking,2023,11,4,Nov,2023-11,82.626,0.008022751577179554,17129363,0.015595826021251886,5
2023-11-24,Cement,2023,11,4,Nov,2023-11,238.75,-0.011563439898318068,16793911,0.01919149577567402,4
2023-11-24,Energy,2023,11,4,Nov,2023-11,80.346,-0.00476783957485587,27086284,0.026335563471051336,5
2023-11-24,Fertilizer,2023,11,4,Nov,2023-11,101.515,0.0014928126321261392,15940241,0.019586083152012858,4
2023-11-24,Technology,2023,11,4,Nov,2023-11,165.92000000000002,-0.010086057843853274,25928791,0.02447270735148078,4
2023-11-27,Banking,2023,11,4,Nov,2023-11,86.35,0.04342632007804377,19298411,0.01746072727057941,5
2023-11-27,Cement,2023,11,4,Nov,2023-11,243.4625,0.02960803546660723,35110040,0.019608364194018794,4
2023-11-27,Energy,2023,11,4,Nov,2023-11,80.23400000000001,-0.0035028086561279537,24171939,0.026439763533006998,5
2023-11-27,Fertilizer,2023,11,4,Nov,2023-11,101.895,0.007383515433953991,11236144,0.019302796832202738,4
2023-11-27,Technology,2023,11,4,Nov,2023-11,164.51250000000002,-0.004496632293696706,10125706,0.02374824670923851,4
2023-11-28,Banking,2023,11,4,Nov,2023-11,91.08000000000001,0.05008953011945079,17360883,0.019467946527020275,5
2023-11-28,Cement,2023,11,4,Nov,2023-11,251.9125,0.020943235938620963,22832962,0.01967101626110593,4
2023-11-28,Energy,2023,11,4,Nov,2023-11,80.79400000000001,0.006836991097006617,43387355,0.026346628145040796,5
2023-11-28,Fertilizer,2023,11,4,Nov,2023-11,102.1825,-0.0022344903249070514,12697331,0.01916074292118556,4
2023-11-28,Technology,2023,11,4,Nov,2023-11,163.09,-0.0062604448544507085,20121005,0.023450496288580893,4
2023-11-29,Banking,2023,11,4,Nov,2023-11,91.03999999999999,0.001002613807132735,14413957,0.019590025270230904,5
2023-11-29,Cement,2023,11,4,Nov,2023-11,250.93,0.003508281785373518,27338615,0.01914726007310414,4
2023-11-29,Energy,2023,11,4,Nov,2023-11,80.712,-0.006212979442921008,42008017,0.026294906977549125,5
2023-11-29,Fertilizer,2023,11,4,Nov,2023-11,102.4575,-0.007781490557969062,12477834,0.019318261759991698,4
2023-11-29,Technology,2023,11,4,Nov,2023-11,162.5525,-0.01556652626522989,13840365,0.02382602445299018,4
2023-11-30,Banking,2023,11,4,Nov,2023-11,89.576,-0.012361506747467211,9133589,0.019978718787595696,5
2023-11-30,Cement,2023,11,4,Nov,2023-11,258.8575,0.014299470300375927,24356252,0.019347878386614156,4
2023-11-30,Energy,2023,11,4,Nov,2023-11,80.278,-0.002203865320511045,18234449,0.023365613659052438,5
2023-11-30,Fertilizer,2023,11,4,Nov,2023-11,101.41,0.016036234732432014,37329509,0.01917944479986445,4
2023-11-30,Technology,2023,11,4,Nov,2023-11,162.18,-0.016489105593895964,13674561,0.02424621193491286,4
2023-12-01,Banking,2023,12,4,Dec,2023-12,90.114,0.0072463524254495985,4016471,0.019885849788103243,5
2023-12-01,Cement,2023,12,4,Dec,2023-12,271.37,0.0647241383609744,61791764,0.02227478225311418,4
2023-12-01,Energy,2023,12,4,Dec,2023-12,82.19,0.024620542672942624,28126104,0.023570180511219996,5
2023-12-01,Fertilizer,2023,12,4,Dec,2023-12,104.3825,0.017813317847052812,29943629,0.018677580870248088,4
2023-12-01,Technology,2023,12,4,Dec,2023-12,164.275,0.021060894018938237,10951395,0.02445584943974537,4
2023-12-04,Banking,2023,12,4,Dec,2023-12,89.966,0.0011265562419897179,4210724,0.01982857351476869,5
2023-12-04,Cement,2023,12,4,Dec,2023-12,269.815,-0.007988662066110847,34280154,0.022329735623222803,4
2023-12-04,Energy,2023,12,4,Dec,2023-12,85.52,0.04055585518358114,79963258,0.02381893109723934,5
2023-12-04,Fertilizer,2023,12,4,Dec,2023-12,105.7475,0.007144292537148433,17165816,0.01850191478706269,4
2023-12-04,Technology,2023,12,4,Dec,2023-12,165.1275,0.010662829778772753,15741662,0.024404277812848173,4
2023-12-05,Banking,2023,12,4,Dec,2023-12,90.16,0.0008389564611537281,5942969,0.0198345114647643,5
2023-12-05,Cement,2023,12,4,Dec,2023-12,266.5525,-0.00733582173955899,17559129,0.022297219579005906,4
2023-12-05,Energy,2023,12,4,Dec,2023-12,89.18,0.041053639831652514,83753700,0.024385650655079992,5
2023-12-05,Fertilizer,2023,12,4,Dec,2023-12,105.47749999999999,-0.00241549427949192,12543808,0.017905553864021883,4
2023-12-05,Technology,2023,12,4,Dec,2023-12,164.19,-0.0003889955902402209,10266166,0.02443821458353385,4
2023-12-06,Banking,2023,12,4,Dec,2023-12,91.324,0.01199335055738977,6910076,0.019961374687058796,5
2023-12-06,Cement,2023,12,4,Dec,2023-12,269.28749999999997,0.01625425722843732,21843098,0.022071094595213354,4
2023-12-06,Energy,2023,12,4,Dec,2023-12,90.546,0.018260626220070318,95046079,0.024165579021439,5
2023-12-06,Fertilizer,2023,12,4,Dec,2023-12,106.72749999999999,0.011476819732731153,15486507,0.017025039731306788,4
2023-12-06,Technology,2023,12,4,Dec,2023-12,170.31,0.048733529061861514,34835043,0.025282264615933803,4
2023-12-07,Banking,2023,12,4,Dec,2023-12,93.944,0.038523763737323066,16868781,0.020949024400488913,5
2023-12-07,Cement,2023,12,4,Dec,2023-12,266.415,-0.004718519842202867,20162529,0.022227999089888203,4
2023-12-07,Energy,2023,12,4,Dec,2023-12,92.83399999999999,0.017978555020229513,79457436,0.024403415437503406,5
2023-12-07,Fertilizer,2023,12,4,Dec,2023-12,106.7075,0.0030099538013228233,14714217,0.016772576001751933,4
2023-12-07,Technology,2023,12,4,Dec,2023-12,168.39499999999998,-0.009561139273193575,33949580,0.02538700339822435,4
2023-12-08,Banking,2023,12,4,Dec,2023-12,99.024,0.05367189490805533,20718237,0.022767250763237906,5
2023-12-08,Cement,2023,12,4,Dec,2023-12,265.7575,0.0036378761036524043,20289543,0.022037492115508595,4
2023-12-08,Energy,2023,12,4,Dec,2023-12,96.45599999999999,0.025270343667679617,55237999,0.02437799219450241,5
2023-12-08,Fertilizer,2023,12,4,Dec,2023-12,108.33500000000001,0.025327788818216068,25637939,0.01706614136247729,4
2023-12-08,Technology,2023,12,4,Dec,2023-12,168.08249999999998,0.014753252342160295,30597250,0.0235823157973891,4
2023-12-11,Banking,2023,12,4,Dec,2023-12,97.59400000000001,-0.016512817701491333,31572033,0.023198912582372586,5
2023-12-11,Cement,2023,12,4,Dec,2023-12,263.695,-0.009907184304096539,11957667,0.02211153778698857,4
2023-12-11,Energy,2023,12,4,Dec,2023-12,94.572,-0.010690174830408794,39522736,0.024971008183120997,5
2023-12-11,Fertilizer,2023,12,4,Dec,2023-12,110.66499999999999,0.02024976035223644,22362493,0.0174091798466635,4
2023-12-11,Technology,2023,12,4,Dec,2023-12,170.315,0.028269420555572855,64799057,0.02387322399220467,4
2023-12-12,Banking,2023,12,4,Dec,2023-12,96.092,-0.01435429341397687,4672482,0.02351878890164227,5
2023-12-12,Cement,2023,12,4,Dec,2023-12,270.3225,0.023212798872251417,15882961,0.022049641899515242,4
2023-12-12,Energy,2023,12,4,Dec,2023-12,96.256,0.022015972253724092,53648737,0.025336641335161232,5
2023-12-12,Fertilizer,2023,12,4,Dec,2023-12,112.0,0.01984549708463046,16024967,0.0181331181757192,4
2023-12-12,Technology,2023,12,4,Dec,2023-12,169.6575,0.01947870330921564,61647742,0.02402370063524214,4
2023-12-13,Banking,2023,12,4,Dec,2023-12,94.69200000000001,-0.015091327648506936,9279555,0.02385623296353067,5
2023-12-13,Cement,2023,12,4,Dec,2023-12,269.275,-0.014282272305464916,23715321,0.022348638343964975,4
2023-12-13,Energy,2023,12,4,Dec,2023-12,94.698,-0.019776070351012965,74235091,0.02601188792018057,5
2023-12-13,Fertilizer,2023,12,4,Dec,2023-12,109.6525,-0.03366885643250536,15781678,0.019129419747827725,4
2023-12-13,Technology,2023,12,4,Dec,2023-12,163.95,-0.05147625023980859,63065700,0.026172018152716418,4
2023-12-14,Banking,2023,12,4,Dec,2023-12,94.726,4.85623920310152e-05,6985516,0.023886492435083777,5
2023-12-14,Cement,2023,12,4,Dec,2023-12,270.7225,0.0026616852103730215,10477517,0.021758363392679295,4
2023-12-14,Energy,2023,12,4,Dec,2023-12,96.21600000000001,0.014020111396243951,49301727,0.02623990047917425,5
2023-12-14,Fertilizer,2023,12,4,Dec,2023-12,110.945,0.031926900025974814,17530953,0.019381719722463272,4
2023-12-14,Technology,2023,12,4,Dec,2023-12,163.86,0.004729206360226668,25800625,0.026191526268294026,4
2023-12-15,Banking,2023,12,4,Dec,2023-12,95.478,0.010977736785907698,6769752,0.023763151268521507,5
2023-12-15,Cement,2023,12,4,Dec,2023-12,270.49,0.0020155438804979886,13447664,0.021539304193219002,4
2023-12-15,Energy,2023,12,4,Dec,2023-12,98.274,0.026426698026253435,61520333,0.026360944144001575,5
2023-12-15,Fertilizer,2023,12,4,Dec,2023-12,112.35,0.023347372108636355,23953974,0.01936028274419073,4
2023-12-15,Technology,2023,12,4,Dec,2023-12,163.82,0.004155044350241999,30212556,0.02616288617760996,4
2023-12-18,Banking,2023,12,4,Dec,2023-12,94.18199999999999,-0.012992344674091804,2752917,0.02414674316147984,5
2023-12-18,Cement,2023,12,4,Dec,2023-12,266.925,-0.008128643781399963,10311612,0.020386045722343354,4
2023-12-18,Energy,2023,12,4,Dec,2023-12,95.75800000000001,-0.02632576160963489,28719712,0.027104506048506304,5
2023-12-18,Fertilizer,2023,12,4,Dec,2023-12,109.995,-0.021090370967442845,10302443,0.020020164306347298,4
2023-12-18,Technology,2023,12,4,Dec,2023-12,162.465,-0.005469258276407707,27957034,0.026268026003728878,4
2023-12-19,Banking,2023,12,4,Dec,2023-12,91.096,-0.030146913593452764,7264221,0.025236852085530448,5
2023-12-19,Cement,2023,12,4,Dec,2023-12,260.6475,-0.038425840321347104,15303896,0.021598808596477538,4
2023-12-19,Energy,2023,12,4,Dec,2023-12,90.49,-0.05546526548461974,56866839,0.029398428174566105,5
2023-12-19,Fertilizer,2023,12,4,Dec,2023-12,106.70750000000001,-0.02970867790896123,16336969,0.021100784204716727,4
2023-12-19,Technology,2023,12,4,Dec,2023-12,154.8175,-0.06457510904736363,24077528,0.029352089463124877,4
2023-12-20,Banking,2023,12,4,Dec,2023-12,90.47999999999999,-0.01049027738937669,6686799,0.02539443214704491,5
2023-12-20,Cement,2023,12,4,Dec,2023-12,256.105,-0.01384017791610484,16641326,0.021857274639621498,4
2023-12-20,Energy,2023,12,4,Dec,2023-12,89.372,-0.01022342614776801,54069158,0.02970554759330878,5
2023-12-20,Fertilizer,2023,12,4,Dec,2023-12,104.9575,-0.006565142779671823,15433168,0.02125045538249116,4
2023-12-20,Technology,2023,12,4,Dec,2023-12,154.1875,-0.026136838024308745,19827900,0.03012520381499704,4
2023-12-21,Banking,2023,12,4,Dec,2023-12,90.108,-0.0038095612246280774,3027014,0.025453408998896632,5
2023-12-21,Cement,2023,12,4,Dec,2023-12,257.9375,0.009325987134957026,6489805,0.02191114687620951,4
2023-12-21,Energy,2023,12,4,Dec,2023-12,91.59,0.024854734009989877,37127260,0.029801045250599102,5
2023-12-21,Fertilizer,2023,12,4,Dec,2023-12,103.965,-0.004794566515796628,7045924,0.021337823950681123,4
2023-12-21,Technology,2023,12,4,Dec,2023-12,154.5,0.014386279952578879,10244893,0.030214315747472513,4
2023-12-22,Banking,2023,12,4,Dec,2023-12,88.7,-0.013963608624101509,3231545,0.02562733455636822,5
2023-12-22,Cement,2023,12,4,Dec,2023-12,253.71499999999997,-0.025397567648745872,5119057,0.022159856130565595,4
2023-12-22,Energy,2023,12,4,Dec,2023-12,88.938,-0.023558959355554188,20851782,0.030500651896833614,5
2023-12-22,Fertilizer,2023,12,4,Dec,2023-12,102.98750000000001,-0.002769607572797317,10270398,0.021279354947323748,4
2023-12-22,Technology,2023,12,4,Dec,2023-12,150.3875,-0.03421110185661291,9362613,0.03069690329715751,4
2023-12-25,Banking,2023,12,4,Dec,2023-12,88.7,0.0,0,0.025441210716130907,5
2023-12-25,Cement,2023,12,4,Dec,2023-12,253.71499999999997,0.0,0,0.021671854887499058,4
2023-12-25,Energy,2023,12,4,Dec,2023-12,88.938,0.0,0,0.03045103706469965,5
2023-12-25,Fertilizer,2023,12,4,Dec,2023-12,102.98750000000001,0.0,0,0.02102284234969444,4
2023-12-25,Technology,2023,12,4,Dec,2023-12,150.3875,0.0,0,0.030160478824069026,4
2023-12-26,Banking,2023,12,4,Dec,2023-12,86.78999999999999,-0.026624398784496295,7928675,0.02623839512678821,5
2023-12-26,Cement,2023,12,4,Dec,2023-12,245.2675,-0.04572924892319205,9208164,0.023158938099171873,4
2023-12-26,Energy,2023,12,4,Dec,2023-12,82.304,-0.07574801496394482,45541018,0.03413156174900034,5
2023-12-26,Fertilizer,2023,12,4,Dec,2023-12,100.555,-0.01911501095381149,9568559,0.02153406382099066,4
2023-12-26,Technology,2023,12,4,Dec,2023-12,145.2175,-0.06666008024485157,9861350,0.031828195821024405,4
2023-12-27,Banking,2023,12,4,Dec,2023-12,88.25800000000001,0.019571435521665535,5851760,0.026237218855170875,5
2023-12-27,Cement,2023,12,4,Dec,2023-12,252.435,0.04486293687780141,10699326,0.024589201938080927,4
2023-12-27,Energy,2023,12,4,Dec,2023-12,84.15,0.023431991766790495,28778137,0.03289185815618804,5
2023-12-27,Fertilizer,2023,12,4,Dec,2023-12,102.485,0.03192561204972433,13846513,0.022137345205833776,4
2023-12-27,Technology,2023,12,4,Dec,2023-12,151.88,0.05048393637402904,9731766,0.03308466231529304,4
2023-12-28,Banking,2023,12,4,Dec,2023-12,89.876,0.020242213057129498,6518969,0.02604524902086384,5
2023-12-28,Cement,2023,12,4,Dec,2023-12,259.4275,0.024614422874830955,13434812,0.024952799499355763,4
2023-12-28,Energy,2023,12,4,Dec,2023-12,84.986,0.008511401320272127,33425990,0.03172924486083561,5
2023-12-28,Fertilizer,2023,12,4,Dec,2023-12,103.82,0.016805063905705298,18227456,0.02223958212127388,4
2023-12-28,Technology,2023,12,4,Dec,2023-12,150.72750000000002,0.006572641247796107,20977691,0.03312962659000332,4
2023-12-29,Banking,2023,12,4,Dec,2023-12,89.916,-0.002621126700894094,3305409,0.02593534178044966,5
2023-12-29,Cement,2023,12,4,Dec,2023-12,261.95,0.01660641242247568,8096414,0.02486654713891366,4
2023-12-29,Energy,2023,12,4,Dec,2023-12,87.148,0.022819317951029604,39309582,0.030683822246886577,5
2023-12-29,Fertilizer,2023,12,4,Dec,2023-12,104.49249999999999,0.005507151125206,6982081,0.0221494642130404,4
2023-12-29,Technology,2023,12,4,Dec,2023-12,149.9825,-0.008599913115177299,13933644,0.033043368842947535,4
2024-01-01,Banking,2024,1,1,Jan,2024-01,92.89,0.028850574940584205,5322512,0.02635643352361572,5
2024-01-01,Cement,2024,1,1,Jan,2024-01,270.135,0.03824998662517187,12169424,0.02536836489367931,4
2024-01-01,Energy,2024,1,1,Jan,2024-01,93.71000000000001,0.07751335179823352,40105335,0.03327635093249248,5
2024-01-01,Fertilizer,2024,1,1,Jan,2024-01,106.3875,0.021947041528029898,9435249,0.0221685988680783,4
2024-01-01,Technology,2024,1,1,Jan,2024-01,159.34,0.06652104714257934,13604083,0.035374310146865026,4
2024-01-02,Banking,2024,1,1,Jan,2024-01,92.998,0.0005881231516202678,6280587,0.026305422596404303,5
2024-01-02,Cement,2024,1,1,Jan,2024-01,267.90000000000003,0.0007068658804872674,21393921,0.025417648036309783,4
2024-01-02,Energy,2024,1,1,Jan,2024-01,93.99,0.0009014607585533963,81638067,0.03321038481797321,5
2024-01-02,Fertilizer,2024,1,1,Jan,2024-01,105.475,-0.007492169996901055,8457303,0.02180798987832552,4
2024-01-02,Technology,2024,1,1,Jan,2024-01,157.8825,-0.00871349181758993,18347080,0.035331323726099026,4
2024-01-03,Banking,2024,1,1,Jan,2024-01,92.902,-0.0011618095050202725,5483896,0.02610674466878941,5
2024-01-03,Cement,2024,1,1,Jan,2024-01,269.0575,0.0020507546840202173,12441886,0.025222668193274914,4
2024-01-03,Energy,2024,1,1,Jan,2024-01,94.642,0.006379736909322675,54136133,0.03255648466934115,5
2024-01-03,Fertilizer,2024,1,1,Jan,2024-01,106.35249999999999,0.010833156279048517,14881430,0.02180945307320859,4
2024-01-03,Technology,2024,1,1,Jan,2024-01,156.245,-0.009285693539481527,8175894,0.03515172850417217,4
2024-01-04,Banking,2024,1,1,Jan,2024-01,92.53999999999999,-0.003838367774473861,2194075,0.025282602379896147,5
2024-01-04,Cement,2024,1,1,Jan,2024-01,266.5125,-0.003994956839000752,4193754,0.025275559083797416,4
2024-01-04,Energy,2024,1,1,Jan,2024-01,94.058,-0.007428177171862171,27707684,0.032406753703330626,5
2024-01-04,Fertilizer,2024,1,1,Jan,2024-01,107.275,0.002551443273498155,9118680,0.021876469898715185,4
2024-01-04,Technology,2024,1,1,Jan,2024-01,155.265,-0.0033644642274121006,7189665,0.033224761077076156,4
2024-01-05,Banking,2024,1,1,Jan,2024-01,92.828,0.0059883196187903165,3915659,0.024900943667098684,5
2024-01-05,Cement,2024,1,1,Jan,2024-01,265.205,-0.005212752734521792,7060881,0.025201233342666066,4
2024-01-05,Energy,2024,1,1,Jan,2024-01,93.772,0.0034892897453363326,30236142,0.03241958632400527,5
2024-01-05,Fertilizer,2024,1,1,Jan,2024-01,105.78999999999999,-0.013240466247083443,4381890,0.021931632714631916,4
2024-01-05,Technology,2024,1,1,Jan,2024-01,154.3975,-0.0019137991175376956,14944945,0.032980687571282113,4
2024-01-08,Banking,2024,1,1,Jan,2024-01,91.596,-0.01092168801182023,2684005,0.02384141159987528,5
2024-01-08,Cement,2024,1,1,Jan,2024-01,262.59999999999997,-0.019848304575259795,3556402,0.024948813750957772,4
2024-01-08,Energy,2024,1,1,Jan,2024-01,91.942,-0.01253229675677905,23582358,0.03273821376867435,5
2024-01-08,Fertilizer,2024,1,1,Jan,2024-01,109.7925,0.002890949592244396,18740951,0.023427312021378696,4
2024-01-08,Technology,2024,1,1,Jan,2024-01,152.9425,-0.011412791270716205,7100718,0.03307180797402193,4
2024-01-09,Banking,2024,1,1,Jan,2024-01,91.526,-0.0008378476352023601,2360967,0.02168429058743535,5
2024-01-09,Cement,2024,1,1,Jan,2024-01,261.56,-0.0062168876524094085,5536367,0.024496030421248854,4
2024-01-09,Energy,2024,1,1,Jan,2024-01,91.446,-0.0035654429406145826,20290085,0.032717272332391446,5
2024-01-09,Fertilizer,2024,1,1,Jan,2024-01,110.6675,-0.0007852130341905184,7255104,0.02345611274369474,4
2024-01-09,Technology,2024,1,1,Jan,2024-01,151.5475,-0.009689881554087926,5450411,0.0329991356102627,4
2024-01-10,Banking,2024,1,1,Jan,2024-01,91.374,-0.0010932570891329485,3560931,0.021337693013492035,5
2024-01-10,Cement,2024,1,1,Jan,2024-01,260.1,-0.007882807036086098,3819778,0.02441542201980348,4
2024-01-10,Energy,2024,1,1,Jan,2024-01,91.566,0.0018806459692788159,44772106,0.0325920767452519,5
2024-01-10,Fertilizer,2024,1,1,Jan,2024-01,109.4375,0.00010388773924921435,34518839,0.023348428229441914,4
2024-01-10,Technology,2024,1,1,Jan,2024-01,151.73250000000002,0.0024256348895918545,8583571,0.03287047750485333,4
2024-01-11,Banking,2024,1,1,Jan,2024-01,91.772,0.0025825687708149526,2944083,0.02112156325656053,5
2024-01-11,Cement,2024,1,1,Jan,2024-01,262.71,0.009647475651683446,10240387,0.024065968880344624,4
2024-01-11,Energy,2024,1,1,Jan,2024-01,94.35,0.026561996185787518,41621965,0.03282687081357869,5
2024-01-11,Fertilizer,2024,1,1,Jan,2024-01,108.67249999999999,3.5607746885546465e-05,5309404,0.022711814486845713,4
2024-01-11,Technology,2024,1,1,Jan,2024-01,151.885,-0.000405844272030359,4728033,0.032600392131649,4
2024-01-12,Banking,2024,1,1,Jan,2024-01,92.09,0.003951114493252228,4290178,0.02104973556921374,5
2024-01-12,Cement,2024,1,1,Jan,2024-01,261.53749999999997,-0.007908511265835388,6244426,0.020833178916502236,4
2024-01-12,Energy,2024,1,1,Jan,2024-01,94.708,-0.0017595345510784011,52709526,0.03269956891112121,5
2024-01-12,Fertilizer,2024,1,1,Jan,2024-01,108.54249999999999,-0.009786185399426522,5779613,0.022574714329405422,4
2024-01-12,Technology,2024,1,1,Jan,2024-01,150.44,-0.00929609438695822,7161463,0.0324350585661271,4
2024-01-15,Banking,2024,1,1,Jan,2024-01,91.874,-0.004179710944577542,2791164,0.021061555127722703,5
2024-01-15,Cement,2024,1,1,Jan,2024-01,258.02,-0.022484961135917164,6808936,0.021192918778608186,4
2024-01-15,Energy,2024,1,1,Jan,2024-01,95.05199999999999,0.0008652505750421869,44253095,0.03210482382870911,5
2024-01-15,Fertilizer,2024,1,1,Jan,2024-01,108.53999999999999,0.005714871196946747,13486368,0.022621439295224255,4
2024-01-15,Technology,2024,1,1,Jan,2024-01,148.74,-0.014786481957796,3913066,0.03244886588355678,4
2024-01-16,Banking,2024,1,1,Jan,2024-01,91.726,0.0004283360775493961,1281122,0.021053823739649973,5
2024-01-16,Cement,2024,1,1,Jan,2024-01,255.7675,-0.006473715960739507,5624865,0.02114043511302312,4
2024-01-16,Energy,2024,1,1,Jan,2024-01,92.402,-0.02659599818415852,28267078,0.03167270465810211,5
2024-01-16,Fertilizer,2024,1,1,Jan,2024-01,108.51,0.00011304044390489376,5291269,0.02257938945078096,4
2024-01-16,Technology,2024,1,1,Jan,2024-01,149.5575,0.009119691035658462,7036324,0.032491319387615236,4
2024-01-17,Banking,2024,1,1,Jan,2024-01,92.188,0.0032033218818888765,9190208,0.020954616361095885,5
2024-01-17,Cement,2024,1,1,Jan,2024-01,252.6425,-0.012193110698998089,6222826,0.020953028625107777,4
2024-01-17,Energy,2024,1,1,Jan,2024-01,91.526,-0.00917947632588909,43144667,0.031563609341810746,5
2024-01-17,Fertilizer,2024,1,1,Jan,2024-01,109.055,-0.022541601372073478,26415142,0.023493516445716688,4
2024-01-17,Technology,2024,1,1,Jan,2024-01,147.645,-0.016044063054285462,10830362,0.03099195659351906,4
2024-01-18,Banking,2024,1,1,Jan,2024-01,92.216,-7.837566288055875e-05,2492716,0.019289846433394396,5
2024-01-18,Cement,2024,1,1,Jan,2024-01,249.33999999999997,-0.006422360066165922,9771421,0.021007095351598344,4
2024-01-18,Energy,2024,1,1,Jan,2024-01,90.81800000000001,-0.012348906411028903,26171278,0.030790637247624254,5
2024-01-18,Fertilizer,2024,1,1,Jan,2024-01,109.44,0.00015521930876763457,5689077,0.023487352977156043,4
2024-01-18,Technology,2024,1,1,Jan,2024-01,146.78,-0.006109529804178893,5528432,0.03098891781660603,4
2024-01-19,Banking,2024,1,1,Jan,2024-01,92.262,-0.00042475994968877996,1976434,0.01627481572530582,5
2024-01-19,Cement,2024,1,1,Jan,2024-01,248.7625,-0.0006059365679661199,2663786,0.02097378325041919,4
2024-01-19,Energy,2024,1,1,Jan,2024-01,90.568,-0.005858500196964833,15045588,0.03019691630243033,5
2024-01-19,Fertilizer,2024,1,1,Jan,2024-01,110.9475,0.009110198934311031,5852494,0.022856841224664377,4
2024-01-19,Technology,2024,1,1,Jan,2024-01,146.14249999999998,-0.009164600813608925,3807937,0.03069990368700467,4
2024-01-22,Banking,2024,1,1,Jan,2024-01,92.31,0.002300253661053753,1836422,0.01593544842767249,5
2024-01-22,Cement,2024,1,1,Jan,2024-01,248.485,-0.0038130169940431557,2560243,0.020912798397238634,4
2024-01-22,Energy,2024,1,1,Jan,2024-01,95.562,0.055946861137158875,52733372,0.03179843680499929,5
2024-01-22,Fertilizer,2024,1,1,Jan,2024-01,110.88,-0.0017903252740103515,2153315,0.02234658534496195,4
2024-01-22,Technology,2024,1,1,Jan,2024-01,146.13,-0.004136637736632642,3398655,0.02993273112991788,4
2024-01-23,Banking,2024,1,1,Jan,2024-01,93.046,0.008876417338544763,13321529,0.015828471924310833,5
2024-01-23,Cement,2024,1,1,Jan,2024-01,246.8375,0.005509935697835089,6491571,0.020455833515135885,4
2024-01-23,Energy,2024,1,1,Jan,2024-01,94.358,-0.010195077901383787,94942637,0.031547922007882354,5
2024-01-23,Fertilizer,2024,1,1,Jan,2024-01,112.095,0.017415864427113348,15320875,0.021441234189754084,4
2024-01-23,Technology,2024,1,1,Jan,2024-01,146.98,0.02440492156583618,9816834,0.029513560522274926,4
2024-01-24,Banking,2024,1,1,Jan,2024-01,93.45,0.007515237524805918,6777341,0.01567862624197312,5
2024-01-24,Cement,2024,1,1,Jan,2024-01,250.465,0.01791185374544685,11610630,0.020629097064245844,4
2024-01-24,Energy,2024,1,1,Jan,2024-01,96.022,0.01569525634944704,82304672,0.03158381559800323,5
2024-01-24,Fertilizer,2024,1,1,Jan,2024-01,112.125,0.009268254239587465,9094968,0.020694463184990842,4
2024-01-24,Technology,2024,1,1,Jan,2024-01,146.7525,-0.0025013560443157,8533466,0.028201983454416685,4
2024-01-25,Banking,2024,1,1,Jan,2024-01,93.226,-0.004014983385159243,9066506,0.015611184945982076,5
2024-01-25,Cement,2024,1,1,Jan,2024-01,251.07,0.005514196721398329,7481578,0.0206993688468337,4
2024-01-25,Energy,2024,1,1,Jan,2024-01,91.444,-0.03949422576762744,86769519,0.03250942841759513,5
2024-01-25,Fertilizer,2024,1,1,Jan,2024-01,113.455,-0.0031593132474973806,30451021,0.019941367776084018,4
2024-01-25,Technology,2024,1,1,Jan,2024-01,144.72,-0.01074925214188302,10795954,0.028302106386433306,4
2024-01-26,Banking,2024,1,1,Jan,2024-01,92.874,-0.0030770242183539185,4881765,0.01532242100926574,5
2024-01-26,Cement,2024,1,1,Jan,2024-01,249.365,-0.006472017001862368,3614165,0.020691204874188934,4
2024-01-26,Energy,2024,1,1,Jan,2024-01,91.768,-0.0020709847168197014,57080577,0.032248250726864366,5
2024-01-26,Fertilizer,2024,1,1,Jan,2024-01,111.6875,-0.024678663039428228,9154426,0.019913807212587363,4
2024-01-26,Technology,2024,1,1,Jan,2024-01,142.065,-0.02810350747782342,11010625,0.028534219287350764,4
2024-01-29,Banking,2024,1,1,Jan,2024-01,92.02799999999999,-0.010881174408849392,8473428,0.015186951642886498,5
2024-01-29,Cement,2024,1,1,Jan,2024-01,248.1,-0.009041713387304862,5970341,0.020673147824165693,4
2024-01-29,Energy,2024,1,1,Jan,2024-01,88.574,-0.034206046316742955,19708190,0.03248948287452352,5
2024-01-29,Fertilizer,2024,1,1,Jan,2024-01,109.63499999999999,-0.019934624370039816,5946993,0.01985733289986983,4
2024-01-29,Technology,2024,1,1,Jan,2024-01,139.20499999999998,-0.024592016498487468,4538914,0.028715817386306592,4
2024-01-30,Banking,2024,1,1,Jan,2024-01,91.61,-0.0040778490738983654,4254632,0.013947530577383599,5
2024-01-30,Cement,2024,1,1,Jan,2024-01,244.7925,-0.018688870958504383,7352327,0.01975343199399362,4
2024-01-30,Energy,2024,1,1,Jan,2024-01,86.404,-0.027371498681974284,47312275,0.03129165497218543,5
2024-01-30,Fertilizer,2024,1,1,Jan,2024-01,106.98,-0.02068701367511594,13037730,0.01926702430429643,4
2024-01-30,Technology,2024,1,1,Jan,2024-01,137.07,-0.040934581866408165,9255075,0.027531108687079416,4
2024-01-31,Banking,2024,1,1,Jan,2024-01,92.314,0.009626072104570537,5770137,0.01377328578089312,5
2024-01-31,Cement,2024,1,1,Jan,2024-01,244.64000000000001,0.00031150170689320245,2645700,0.01957060387120857,4
2024-01-31,Energy,2024,1,1,Jan,2024-01,86.942,0.005574118082177249,19476767,0.03106135694238346,5
2024-01-31,Fertilizer,2024,1,1,Jan,2024-01,108.205,0.009641577681934493,8338194,0.019162668457721417,4
2024-01-31,Technology,2024,1,1,Jan,2024-01,137.5475,0.0018003973839116894,5694268,0.026805108324632593,4
2024-02-01,Banking,2024,2,1,Feb,2024-02,92.69399999999999,0.00473048603159365,11656933,0.013727324309136712,5
2024-02-01,Cement,2024,2,1,Feb,2024-02,242.8625,-0.004716042526953568,1601668,0.019469506121191835,4
2024-02-01,Energy,2024,2,1,Feb,2024-02,88.982,0.017903237195140996,41498760,0.03099743504186945,5
2024-02-01,Fertilizer,2024,2,1,Feb,2024-02,109.2825,0.005307638673217874,4184669,0.019130774024718217,4
2024-02-01,Technology,2024,2,1,Feb,2024-02,137.88,-0.0011730413064672818,2113016,0.026501964641627122,4
2024-02-02,Banking,2024,2,1,Feb,2024-02,93.274,0.004025341712404362,4331983,0.013471120840662588,5
2024-02-02,Cement,2024,2,1,Feb,2024-02,248.47250000000003,0.025628478165801327,2246357,0.019632424295559114,4
2024-02-02,Energy,2024,2,1,Feb,2024-02,89.34599999999999,0.006253352094883824,36301759,0.030686257814795025,5
2024-02-02,Fertilizer,2024,2,1,Feb,2024-02,109.5975,0.0021207466790386653,2536211,0.019034108484679842,4
2024-02-02,Technology,2024,2,1,Feb,2024-02,139.3775,0.019432032558086787,4173905,0.026082913255670255,4
2024-02-06,Banking,2024,2,1,Feb,2024-02,94.324,0.012219389527220325,5155896,0.013876760208901273,5
2024-02-06,Cement,2024,2,1,Feb,2024-02,251.41,0.013966757741508684,3365719,0.019809729196096568,4
2024-02-06,Energy,2024,2,1,Feb,2024-02,92.928,0.04314927284944514,52006619,0.03170547850597478,5
2024-02-06,Fertilizer,2024,2,1,Feb,2024-02,109.695,0.006384738429742104,6290274,0.019280645538866024,4
2024-02-06,Technology,2024,2,1,Feb,2024-02,139.6875,0.016823609307511617,3499905,0.026457195771583,4
2024-02-07,Banking,2024,2,1,Feb,2024-02,94.934,0.008420863743665996,4911631,0.012225675406584532,5
2024-02-07,Cement,2024,2,1,Feb,2024-02,252.6175,-0.0008053233786769476,5416826,0.017803956935984935,4
2024-02-07,Energy,2024,2,1,Feb,2024-02,92.75999999999999,-0.0012869120473762985,44575308,0.028349608906869488,5
2024-02-07,Fertilizer,2024,2,1,Feb,2024-02,110.03999999999999,0.005455415482194637,4226405,0.018771309814967406,4
2024-02-07,Technology,2024,2,1,Feb,2024-02,140.715,0.0109146461650787,3822421,0.023381719370182543,4
2024-02-08,Banking,2024,2,1,Feb,2024-02,94.934,0.0,0,0.011782891889174718,5
2024-02-08,Cement,2024,2,1,Feb,2024-02,252.6175,0.0,0,0.01574671262562463,4
2024-02-08,Energy,2024,2,1,Feb,2024-02,92.75999999999999,0.0,0,0.028050085593808373,5
2024-02-08,Fertilizer,2024,2,1,Feb,2024-02,110.03999999999999,0.0,0,0.017626101487883145,4
2024-02-08,Technology,2024,2,1,Feb,2024-02,140.715,0.0,0,0.021263486690454036,4
2024-02-09,Banking,2024,2,1,Feb,2024-02,93.852,-0.012218954424172512,3677840,0.011530568232670962,5
2024-02-09,Cement,2024,2,1,Feb,2024-02,248.3,-0.029085365840045674,8527154,0.015929025815479912,4
2024-02-09,Energy,2024,2,1,Feb,2024-02,89.412,-0.03711439983703788,44972697,0.02896235145819435,5
2024-02-09,Fertilizer,2024,2,1,Feb,2024-02,107.7025,-0.02216955657364697,3940869,0.017724506295211863,4
2024-02-09,Technology,2024,2,1,Feb,2024-02,137.48499999999999,-0.03270510464168119,3401807,0.02176742391347589,4
2024-02-12,Banking,2024,2,1,Feb,2024-02,92.184,-0.020538560349764312,5549408,0.012199610244167821,5
2024-02-12,Cement,2024,2,1,Feb,2024-02,239.8175,-0.036639205918950535,7774268,0.01680142666394635,4
2024-02-12,Energy,2024,2,1,Feb,2024-02,83.23400000000001,-0.06746142917544433,37218807,0.031227661587584093,5
2024-02-12,Fertilizer,2024,2,1,Feb,2024-02,105.9625,-0.016814659890590472,3180708,0.017884107282653477,4
2024-02-12,Technology,2024,2,1,Feb,2024-02,134.4175,-0.029694912951589242,4858186,0.02236460744543297,4
2024-02-13,Banking,2024,2,1,Feb,2024-02,93.388,0.009215917046322675,3435124,0.011043441088178823,5
2024-02-13,Cement,2024,2,1,Feb,2024-02,240.5975,0.010739401481376531,6819659,0.015172439261945454,4
2024-02-13,Energy,2024,2,1,Feb,2024-02,78.954,-0.04197287198153758,51666823,0.028282662624581113,5
2024-02-13,Fertilizer,2024,2,1,Feb,2024-02,106.36250000000001,0.02204701100555334,9930471,0.01800902923256608,4
2024-02-13,Technology,2024,2,1,Feb,2024-02,136.0925,0.02672869908498965,7650025,0.019005764902013757,4
2024-02-14,Banking,2024,2,1,Feb,2024-02,94.178,0.011523664345173401,2553463,0.01123859127574243,5
2024-02-14,Cement,2024,2,1,Feb,2024-02,242.805,0.00595805057020371,6250871,0.01533053122005728,4
2024-02-14,Energy,2024,2,1,Feb,2024-02,81.962,0.050029043882080626,57691594,0.031026428772074222,5
2024-02-14,Fertilizer,2024,2,1,Feb,2024-02,108.285,0.012604898795706393,5590466,0.018208576660138226,4
2024-02-14,Technology,2024,2,1,Feb,2024-02,139.7075,0.026033488999931298,8417525,0.019789588214460703,4
2024-02-15,Banking,2024,2,1,Feb,2024-02,93.126,-0.009235110312435579,3415726,0.011412781834267952,5
2024-02-15,Cement,2024,2,1,Feb,2024-02,239.14249999999998,-0.02467250538961291,5114215,0.01584938635379273,4
2024-02-15,Energy,2024,2,1,Feb,2024-02,78.144,-0.03937230450502789,34604439,0.03155019640108398,5
2024-02-15,Fertilizer,2024,2,1,Feb,2024-02,106.10499999999999,-0.018046457863936244,3029924,0.017999681948348382,4
2024-02-15,Technology,2024,2,1,Feb,2024-02,136.525,-0.02479878591862497,13213415,0.02011484150573635,4
2024-02-16,Banking,2024,2,1,Feb,2024-02,93.15799999999999,-0.0009897390149922192,2513890,0.011411108425092947,5
2024-02-16,Cement,2024,2,1,Feb,2024-02,233.1625,-0.021210564540059568,5424146,0.016273725392065213,4
2024-02-16,Energy,2024,2,1,Feb,2024-02,74.49199999999999,-0.04713103024083918,40310590,0.03248118639485913,5
2024-02-16,Fertilizer,2024,2,1,Feb,2024-02,104.86500000000001,-0.008067990157679727,5793820,0.020103283061028522,4
2024-02-16,Technology,2024,2,1,Feb,2024-02,132.47750000000002,-0.02547428704051022,5519536,0.02054172317506415,4
2024-02-19,Banking,2024,2,1,Feb,2024-02,92.798,-0.003529848051024054,2405035,0.011373056534400043,5
2024-02-19,Cement,2024,2,1,Feb,2024-02,235.76,0.010848571177762112,5171729,0.01652129047856271,4
2024-02-19,Energy,2024,2,1,Feb,2024-02,78.188,0.04622714201061458,30924008,0.03381532739305362,5
2024-02-19,Fertilizer,2024,2,1,Feb,2024-02,105.5,-0.011457861812422615,7867352,0.020196138165147856,4
2024-02-19,Technology,2024,2,1,Feb,2024-02,132.8425,0.006776867619936483,7145935,0.020542156910205597,4
2024-02-20,Banking,2024,2,1,Feb,2024-02,92.418,-0.0019924292487991215,1569593,0.011195931801687093,5
2024-02-20,Cement,2024,2,1,Feb,2024-02,232.8875,-0.0022562735068357154,2709551,0.016377925531872842,4
2024-02-20,Energy,2024,2,1,Feb,2024-02,78.272,-0.004651965494605314,25686790,0.033911482285395665,5
2024-02-20,Fertilizer,2024,2,1,Feb,2024-02,105.6275,0.0010238317124049712,4168414,0.018825951440147152,4
2024-02-20,Technology,2024,2,1,Feb,2024-02,135.765,0.019907539365941085,8548782,0.020987349783724654,4
2024-02-21,Banking,2024,2,1,Feb,2024-02,93.928,0.014188827426238771,3477126,0.011548352716100305,5
2024-02-21,Cement,2024,2,1,Feb,2024-02,241.72749999999996,0.038464312953605084,6405809,0.018136475827320295,4
2024-02-21,Energy,2024,2,1,Feb,2024-02,81.152,0.030797564900466767,18154562,0.034597013499425296,5
2024-02-21,Fertilizer,2024,2,1,Feb,2024-02,106.5625,0.016586117896763175,3869577,0.01922973377524507,4
2024-02-21,Technology,2024,2,1,Feb,2024-02,140.755,0.049046340884404904,14274467,0.023216780408828297,4
2024-02-22,Banking,2024,2,1,Feb,2024-02,94.44800000000001,0.0023618236485368318,3718268,0.011672302148826436,5
2024-02-22,Cement,2024,2,1,Feb,2024-02,238.80750000000003,-0.009754913916831143,3125365,0.01814073061069385,4
2024-02-22,Energy,2024,2,1,Feb,2024-02,81.582,0.002419281815340413,15668165,0.0346591305404371,5
2024-02-22,Fertilizer,2024,2,1,Feb,2024-02,106.8475,0.00367838397867179,3279111,0.0191492844494013,4
2024-02-22,Technology,2024,2,1,Feb,2024-02,149.61499999999998,0.05465960085098648,21743247,0.02589112521860211,4
2024-02-23,Banking,2024,2,1,Feb,2024-02,95.922,0.015524329058583631,6448940,0.011882299382811856,5
2024-02-23,Cement,2024,2,1,Feb,2024-02,241.76500000000001,0.0060220607469098075,4522232,0.018118340834614464,4
2024-02-23,Energy,2024,2,1,Feb,2024-02,84.494,0.03169083036226428,39321786,0.034908162822482054,5
2024-02-23,Fertilizer,2024,2,1,Feb,2024-02,107.285,0.0011082314428970674,4701332,0.019559044361990276,4
2024-02-23,Technology,2024,2,1,Feb,2024-02,149.96249999999998,0.0006511367108257282,14895454,0.02611838702865467,4
2024-02-26,Banking,2024,2,1,Feb,2024-02,96.78200000000001,0.010030887969136182,6722508,0.012028600487240105,5
2024-02-26,Cement,2024,2,1,Feb,2024-02,244.46499999999997,0.0130492712140578,5498745,0.018496942376877042,4
2024-02-26,Energy,2024,2,1,Feb,2024-02,84.336,0.004973234021281092,34353511,0.03501115970674001,5
2024-02-26,Fertilizer,2024,2,1,Feb,2024-02,107.8875,0.008674938086096456,2936026,0.01959375134531978,4
2024-02-26,Technology,2024,2,1,Feb,2024-02,153.98,0.03139734051618054,17014370,0.026731540065456694,4
2024-02-27,Banking,2024,2,1,Feb,2024-02,96.644,0.002787858597889481,6465934,0.01209619182007319,5
2024-02-27,Cement,2024,2,1,Feb,2024-02,246.11,0.009989901569786547,9583267,0.018171398278587388,4
2024-02-27,Energy,2024,2,1,Feb,2024-02,82.718,-0.008804453177549233,27141966,0.035134123897354166,5
2024-02-27,Fertilizer,2024,2,1,Feb,2024-02,108.2525,0.00014966969453458767,1491616,0.019385859714325465,4
2024-02-27,Technology,2024,2,1,Feb,2024-02,155.1075,0.009791789742537332,24354281,0.026946977851766148,4
2024-02-28,Banking,2024,2,1,Feb,2024-02,97.116,0.004753889522280952,9963007,0.0122247917529083,5
2024-02-28,Cement,2024,2,1,Feb,2024-02,253.4825,0.026410011354828844,10414473,0.018876442658850114,4
2024-02-28,Energy,2024,2,1,Feb,2024-02,83.878,0.010368099818061948,20591902,0.03497433394043285,5
2024-02-28,Fertilizer,2024,2,1,Feb,2024-02,109.75500000000001,0.02046945629373559,4025503,0.02012181350887502,4
2024-02-28,Technology,2024,2,1,Feb,2024-02,151.98499999999999,0.008605014865416816,35071624,0.03057878969447922,4
2024-02-29,Banking,2024,2,1,Feb,2024-02,98.578,0.017127655633690342,7880363,0.012402373509531233,5
2024-02-29,Cement,2024,2,1,Feb,2024-02,250.54500000000002,-0.012441434576401122,9632366,0.018890378807485418,4
2024-02-29,Energy,2024,2,1,Feb,2024-02,85.836,0.015738004358012224,34352042,0.035275489639186426,5
2024-02-29,Fertilizer,2024,2,1,Feb,2024-02,111.35499999999999,0.01747459812271246,8908356,0.01942431132166725,4
2024-02-29,Technology,2024,2,1,Feb,2024-02,151.655,-0.016807003445037716,29119857,0.0307288979126933,4
2024-03-01,Banking,2024,3,1,Mar,2024-03,99.44,0.010456327469679838,9073822,0.012418640439715519,5
2024-03-01,Cement,2024,3,1,Mar,2024-03,248.325,-0.009524222242866615,3070391,0.018894876362624963,4
2024-03-01,Energy,2024,3,1,Mar,2024-03,86.02,-0.003310728878254543,16630610,0.035280033979119954,5
2024-03-01,Fertilizer,2024,3,1,Mar,2024-03,117.0625,0.01671138407402281,2685319,0.020864866225266055,4
2024-03-01,Technology,2024,3,1,Mar,2024-03,150.6825,-0.006499208641004645,7981035,0.03070788643663791,4
2024-03-04,Banking,2024,3,1,Mar,2024-03,99.088,-0.007095303949072873,9835062,0.012633079623094923,5
2024-03-04,Cement,2024,3,1,Mar,2024-03,252.4675,0.0063850656111824056,5042029,0.018993326458394622,4
2024-03-04,Energy,2024,3,1,Mar,2024-03,89.602,0.03733529403472842,41953880,0.03601563032668813,5
2024-03-04,Fertilizer,2024,3,1,Mar,2024-03,117.75999999999999,0.006190914450212803,4365994,0.020903485002269975,4
2024-03-04,Technology,2024,3,1,Mar,2024-03,152.6225,0.02343461237177319,25068254,0.03097826667911191,4
2024-03-05,Banking,2024,3,1,Mar,2024-03,99.568,0.004541752533392551,3217595,0.012597318719624084,5
2024-03-05,Cement,2024,3,1,Mar,2024-03,252.275,0.0014824318821360094,7211627,0.01901892555208869,4
2024-03-05,Energy,2024,3,1,Mar,2024-03,87.27199999999999,-0.025750932763106492,25132373,0.034697773051415096,5
2024-03-05,Fertilizer,2024,3,1,Mar,2024-03,117.52,-0.0014982922926158604,3001800,0.020883585899070273,4
2024-03-05,Technology,2024,3,1,Mar,2024-03,155.2725,0.021521922963254503,22169541,0.03154213854083659,4
2024-03-06,Banking,2024,3,1,Mar,2024-03,99.95599999999999,0.0023668187616090685,5734473,0.012551921596559573,5
2024-03-06,Cement,2024,3,1,Mar,2024-03,250.725,-0.00554866809677157,3007869,0.018885941771130788,4
2024-03-06,Energy,2024,3,1,Mar,2024-03,87.728,0.0013251598071926773,28968068,0.03457866415324925,5
2024-03-06,Fertilizer,2024,3,1,Mar,2024-03,116.00999999999999,-0.010182021029674249,1835402,0.020605080495300458,4
2024-03-06,Technology,2024,3,1,Mar,2024-03,154.0775,0.0026402681537692207,34523638,0.031501910538869235,4
2024-03-07,Banking,2024,3,1,Mar,2024-03,98.61200000000001,-0.009777157188730424,5914066,0.012777909348360492,5
2024-03-07,Cement,2024,3,1,Mar,2024-03,249.32,-0.0034994643272087678,9865405,0.01870825513331765,4
2024-03-07,Energy,2024,3,1,Mar,2024-03,88.512,0.0028956867331261017,18855384,0.034266210731247845,5
2024-03-07,Fertilizer,2024,3,1,Mar,2024-03,115.0975,-0.0048472176784241094,2478401,0.020313862706347458,4
2024-03-07,Technology,2024,3,1,Mar,2024-03,153.035,-0.004469670856025704,30907233,0.031612577847819005,4
2024-03-08,Banking,2024,3,1,Mar,2024-03,98.17999999999999,-0.0025475470941048297,10224594,0.012769427616763206,5
2024-03-08,Cement,2024,3,1,Mar,2024-03,250.82500000000002,0.003977841484310657,7171166,0.018662462206810136,4
2024-03-08,Energy,2024,3,1,Mar,2024-03,88.978,0.0055257517500400645,15158122,0.03331610910673812,5
2024-03-08,Fertilizer,2024,3,1,Mar,2024-03,115.2975,-0.0015369201499655094,3144907,0.02011165593228157,4
2024-03-08,Technology,2024,3,1,Mar,2024-03,153.25,0.021673784879694874,38564579,0.03219734371576758,4
2024-03-11,Banking,2024,3,1,Mar,2024-03,97.81800000000001,-0.0015497682112891153,1603493,0.012633759450931158,5
2024-03-11,Cement,2024,3,1,Mar,2024-03,252.7175,0.006757102480078436,8101152,0.018684470464880396,4
2024-03-11,Energy,2024,3,1,Mar,2024-03,88.374,-0.00637141819685878,12714662,0.033056529147147275,5
2024-03-11,Fertilizer,2024,3,1,Mar,2024-03,114.8775,0.005775594000165085,2064655,0.019585111437607154,4
2024-03-11,Technology,2024,3,1,Mar,2024-03,153.71499999999997,-0.0022147481142543723,31257686,0.031736294194564856,4
2024-03-12,Banking,2024,3,1,Mar,2024-03,97.60600000000001,-0.002397845623036443,10955282,0.012293451850390292,5
2024-03-12,Cement,2024,3,1,Mar,2024-03,250.28499999999997,-0.020452073210900534,3765217,0.01903883965260726,4
2024-03-12,Energy,2024,3,1,Mar,2024-03,85.62,-0.02766259013135175,12297139,0.03283731785499829,5
2024-03-12,Fertilizer,2024,3,1,Mar,2024-03,113.4125,-0.012717051012726632,692434,0.01937592323129665,4
2024-03-12,Technology,2024,3,1,Mar,2024-03,150.945,-0.03561279540113799,15775403,0.03226787019394899,4
2024-03-13,Banking,2024,3,1,Mar,2024-03,96.77000000000001,-0.013612822014917115,9277483,0.012918371294506353,5
2024-03-13,Cement,2024,3,1,Mar,2024-03,249.01250000000002,-0.009849585679407469,3180255,0.018772331464784707,4
2024-03-13,Energy,2024,3,1,Mar,2024-03,83.234,-0.022640918569309033,10950698,0.03262446655207636,5
2024-03-13,Fertilizer,2024,3,1,Mar,2024-03,113.1475,-0.005424716705914462,1095048,0.01895551935077262,4
2024-03-13,Technology,2024,3,1,Mar,2024-03,146.7575,-0.04302914345678194,14426976,0.03242827148185449,4
2024-03-14,Banking,2024,3,1,Mar,2024-03,96.708,0.0008092595934635849,3245822,0.012786793592682833,5
2024-03-14,Cement,2024,3,1,Mar,2024-03,252.57,0.020672922834073293,3570893,0.019179936308984867,4
2024-03-14,Energy,2024,3,1,Mar,2024-03,86.806,0.0389734861371871,10219096,0.033441567057635624,5
2024-03-14,Fertilizer,2024,3,1,Mar,2024-03,113.66000000000001,0.008875972756319295,1399316,0.018879822665408573,4
2024-03-14,Technology,2024,3,1,Mar,2024-03,151.60999999999999,0.05227975561672382,18953076,0.03361594941640422,4
2024-03-15,Banking,2024,3,1,Mar,2024-03,96.202,-0.006468627967370089,1429973,0.01284788546886879,5
2024-03-15,Cement,2024,3,1,Mar,2024-03,254.51250000000002,-0.0042340956847326805,2946125,0.01927251256349665,4
2024-03-15,Energy,2024,3,1,Mar,2024-03,85.34400000000001,-0.016615482848000962,12163470,0.03317234544962126,5
2024-03-15,Fertilizer,2024,3,1,Mar,2024-03,113.22,-0.0005085390617660945,2861745,0.018955850401721104,4
2024-03-15,Technology,2024,3,1,Mar,2024-03,151.345,-0.005859823889763416,14236390,0.033683532836557395,4
2024-03-18,Banking,2024,3,1,Mar,2024-03,96.128,6.842316016966165e-05,1128118,0.012885013081239752,5
2024-03-18,Cement,2024,3,1,Mar,2024-03,251.04999999999998,-0.005540532034930712,1514998,0.018681298279963038,4
2024-03-18,Energy,2024,3,1,Mar,2024-03,85.37199999999999,0.0014943903302761853,12454120,0.0330636936734642,5
2024-03-18,Fertilizer,2024,3,1,Mar,2024-03,113.76249999999999,0.001767983036888382,1647018,0.019200429791759784,4
2024-03-18,Technology,2024,3,1,Mar,2024-03,149.45000000000002,0.003083277435764614,17984547,0.033909873110710934,4
2024-03-19,Banking,2024,3,1,Mar,2024-03,97.704,0.017187305464895573,12502673,0.013104737083747552,5
2024-03-19,Cement,2024,3,1,Mar,2024-03,250.59499999999997,-0.012290361555946816,5284470,0.018642457039953524,4
2024-03-19,Energy,2024,3,1,Mar,2024-03,85.738,-0.0014419212712095896,11817318,0.03196707190794002,5
2024-03-19,Fertilizer,2024,3,1,Mar,2024-03,114.95750000000001,0.011762779467296869,3634224,0.019138961780680294,4
2024-03-19,Technology,2024,3,1,Mar,2024-03,149.2325,0.009029554449150407,25995968,0.03384387740364937,4
2024-03-20,Banking,2024,3,1,Mar,2024-03,97.76,0.0016781662093594996,5609449,0.013017213244362554,5
2024-03-20,Cement,2024,3,1,Mar,2024-03,249.97500000000002,-0.009722928285336302,4483011,0.018755998913911814,4
2024-03-20,Energy,2024,3,1,Mar,2024-03,85.182,-0.002564150706202817,12551444,0.031936115630072516,5
2024-03-20,Fertilizer,2024,3,1,Mar,2024-03,116.035,0.007857726605925985,6230316,0.019188578622938688,4
2024-03-20,Technology,2024,3,1,Mar,2024-03,149.025,-0.00889094555069847,17607044,0.03395692302884449,4
2024-03-21,Banking,2024,3,1,Mar,2024-03,97.64,-0.0014999955627246874,3581246,0.013084705179252762,5
2024-03-21,Cement,2024,3,1,Mar,2024-03,245.64000000000001,-0.021960981924229128,4688850,0.019114622190117524,4
2024-03-21,Energy,2024,3,1,Mar,2024-03,84.13199999999999,-0.011479046742892064,14158436,0.03199379602115506,5
2024-03-21,Fertilizer,2024,3,1,Mar,2024-03,116.375,0.00712844132363416,2905458,0.019247631524381244,4
2024-03-21,Technology,2024,3,1,Mar,2024-03,145.345,-0.031772617870435976,8491232,0.0346225958785161,4
2024-03-22,Banking,2024,3,1,Mar,2024-03,96.71,-0.008491234842251316,2736234,0.012955571126135795,5
2024-03-22,Cement,2024,3,1,Mar,2024-03,245.075,0.002029659921551602,2508575,0.018455008109489492,4
2024-03-22,Energy,2024,3,1,Mar,2024-03,83.59,-0.008205499616804257,7261729,0.03132029551165659,5
2024-03-22,Fertilizer,2024,3,1,Mar,2024-03,116.2175,-0.009039303049208636,2034376,0.018868584279998848,4
2024-03-22,Technology,2024,3,1,Mar,2024-03,146.5175,0.009590360067292525,8785690,0.0339427012943957,4
2024-03-26,Banking,2024,3,1,Mar,2024-03,96.894,0.0006873550035643606,1798121,0.012250344709125515,5
2024-03-26,Cement,2024,3,1,Mar,2024-03,246.3925,0.010768109754595134,4127581,0.017377960535014135,4
2024-03-26,Energy,2024,3,1,Mar,2024-03,84.77,0.007699339520797599,26980161,0.028969768953020038,5
2024-03-26,Fertilizer,2024,3,1,Mar,2024-03,118.2225,0.021160731193570925,5334747,0.019191412376862817,4
2024-03-26,Technology,2024,3,1,Mar,2024-03,144.8725,-0.008786824697941814,5446080,0.03338731757251595,4
2024-03-27,Banking,2024,3,1,Mar,2024-03,98.162,0.011938155924823324,4336777,0.01198013752179338,5
2024-03-27,Cement,2024,3,1,Mar,2024-03,249.4025,0.010234287613658577,3610310,0.017228470748283365,4
2024-03-27,Energy,2024,3,1,Mar,2024-03,84.92999999999999,0.003077691929749138,10473401,0.027755651843894093,5
2024-03-27,Fertilizer,2024,3,1,Mar,2024-03,120.1,0.027119093237361447,11803111,0.019202979951405914,4
2024-03-27,Technology,2024,3,1,Mar,2024-03,145.825,0.02576451449552758,45588807,0.03349067976883188,4
2024-03-28,Banking,2024,3,1,Mar,2024-03,98.55199999999999,0.0013868036580215071,10715533,0.012014921525650887,5
2024-03-28,Cement,2024,3,1,Mar,2024-03,252.33999999999997,0.01173557120218649,3906808,0.01718389296719353,4
2024-03-28,Energy,2024,3,1,Mar,2024-03,85.76,0.008281026482214671,10295417,0.025056199365214103,5
2024-03-28,Fertilizer,2024,3,1,Mar,2024-03,122.1075,0.022637468984711973,24690198,0.01950931819110874,4
2024-03-28,Technology,2024,3,1,Mar,2024-03,145.86499999999998,0.008135364277498058,31697324,0.0332511551314852,4
2024-03-29,Banking,2024,3,1,Mar,2024-03,98.796,-0.002004758069361845,5912654,0.012003802790114104,5
2024-03-29,Cement,2024,3,1,Mar,2024-03,250.41750000000002,-0.011907998773169781,2314756,0.016607483127064986,4
2024-03-29,Energy,2024,3,1,Mar,2024-03,85.1,-0.01199521204922931,8562079,0.02398513354162627,5
2024-03-29,Fertilizer,2024,3,1,Mar,2024-03,122.74000000000001,-0.005814854714411788,2789656,0.01927547595220338,4
2024-03-29,Technology,2024,3,1,Mar,2024-03,143.82000000000002,-0.02070518393523152,10138822,0.03312029757769148,4
2024-04-01,Banking,2024,4,2,Apr,2024-04,98.804,-0.0004376260684574307,1660269,0.012030818425113263,5
2024-04-01,Cement,2024,4,2,Apr,2024-04,248.2525,-0.007053638978670396,2560624,0.016063316025227595,4
2024-04-01,Energy,2024,4,2,Apr,2024-04,84.246,-0.011921106748976373,4653533,0.022274043411509497,5
2024-04-01,Fertilizer,2024,4,2,Apr,2024-04,122.67750000000001,-0.0019194536315619293,2090118,0.016689700571374862,4
2024-04-01,Technology,2024,4,2,Apr,2024-04,142.145,-0.009688152548952222,6553264,0.032652573775626456,4
2024-04-02,Banking,2024,4,2,Apr,2024-04,99.20599999999999,0.006173690909921037,769697,0.012026217311775703,5
2024-04-02,Cement,2024,4,2,Apr,2024-04,248.99,-0.0028445083116122594,1672052,0.0160741238769782,4
2024-04-02,Energy,2024,4,2,Apr,2024-04,83.4,-0.006400152168374218,4937892,0.020725001981126086,5
2024-04-02,Fertilizer,2024,4,2,Apr,2024-04,122.5775,0.006652750592955697,2152340,0.01614471016954043,4
2024-04-02,Technology,2024,4,2,Apr,2024-04,144.39,0.006775777613851619,10833946,0.03289533842627724,4
2024-04-03,Banking,2024,4,2,Apr,2024-04,99.52799999999999,0.005737415066861584,1818208,0.012060294749974946,5
2024-04-03,Cement,2024,4,2,Apr,2024-04,262.555,0.06826185731064283,12460616,0.02015430634919084,4
2024-04-03,Energy,2024,4,2,Apr,2024-04,84.758,0.018364658693151313,12070929,0.020725451997841465,5
2024-04-03,Fertilizer,2024,4,2,Apr,2024-04,126.70500000000001,0.014661142829893198,3759795,0.01664324579924984,4
2024-04-03,Technology,2024,4,2,Apr,2024-04,143.81,-0.0004563328981880832,6945988,0.03280093524610003,4
2024-04-04,Banking,2024,4,2,Apr,2024-04,100.366,0.008460179995469597,2984582,0.011967426357087864,5
2024-04-04,Cement,2024,4,2,Apr,2024-04,259.09999999999997,-0.020698064010463507,8649038,0.01949808805922148,4
2024-04-04,Energy,2024,4,2,Apr,2024-04,86.03,0.013009113973311281,30985861,0.020045102598708082,5
2024-04-04,Fertilizer,2024,4,2,Apr,2024-04,127.44,0.004122872385776216,4931595,0.016203088628637483,4
2024-04-04,Technology,2024,4,2,Apr,2024-04,146.2975,0.018860978679723583,14961113,0.03164480605695858,4
2024-04-08,Banking,2024,4,2,Apr,2024-04,102.68400000000001,0.016923759973376095,3223343,0.012493976436750865,5
2024-04-08,Cement,2024,4,2,Apr,2024-04,261.605,0.006685885144428638,3689469,0.019379921541166772,4
2024-04-08,Energy,2024,4,2,Apr,2024-04,87.94800000000001,0.024949561084716798,15664805,0.020502946987619893,5
2024-04-08,Fertilizer,2024,4,2,Apr,2024-04,128.7375,0.024498639429978486,8649983,0.016926811407899072,4
2024-04-08,Technology,2024,4,2,Apr,2024-04,151.1925,0.017886150935951473,12388290,0.02981339326942403,4
2024-04-09,Banking,2024,4,2,Apr,2024-04,102.83400000000002,0.00022575572002996313,13704445,0.01258285537977422,5
2024-04-09,Cement,2024,4,2,Apr,2024-04,261.83,0.011988161990515528,8234021,0.01947386893986294,4
2024-04-09,Energy,2024,4,2,Apr,2024-04,89.422,0.013371511158715776,18077137,0.019760540701790053,5
2024-04-09,Fertilizer,2024,4,2,Apr,2024-04,129.9675,0.031731954894158504,16612660,0.018333646330140313,4
2024-04-09,Technology,2024,4,2,Apr,2024-04,149.375,-0.013496624428116388,5278259,0.029683394005813154,4
2024-04-15,Banking,2024,4,2,Apr,2024-04,102.556,-0.002569362565725597,3432451,0.013053320098356205,5
2024-04-15,Cement,2024,4,2,Apr,2024-04,263.1325,0.009119966000554869,13885121,0.01920760209801143,4
2024-04-15,Energy,2024,4,2,Apr,2024-04,91.55199999999999,0.020138660183308964,33574550,0.019886907333165154,5
2024-04-15,Fertilizer,2024,4,2,Apr,2024-04,128.965,0.005581141889466373,9676532,0.01907511712768384,4
2024-04-15,Technology,2024,4,2,Apr,2024-04,147.04500000000002,-0.012529432075514324,11532699,0.02887605082638351,4
2024-04-16,Banking,2024,4,2,Apr,2024-04,103.678,0.013760590967013297,20070892,0.01355324438514884,5
2024-04-16,Cement,2024,4,2,Apr,2024-04,262.74,-0.009362486495372219,9031962,0.019255905095117955,4
2024-04-16,Energy,2024,4,2,Apr,2024-04,91.3,0.0005909217790502463,30210230,0.019581455200859518,5
2024-04-16,Fertilizer,2024,4,2,Apr,2024-04,128.38,0.0029655038374896414,11790863,0.019761522279756617,4
2024-04-16,Technology,2024,4,2,Apr,2024-04,147.6,0.002023878740996632,13567961,0.028274519386720133,4
2024-04-17,Banking,2024,4,2,Apr,2024-04,104.58399999999999,0.013446795481991392,9533554,0.013778650780556337,5
2024-04-17,Cement,2024,4,2,Apr,2024-04,263.975,0.0029370174396036175,5756830,0.0185622787758756,4
2024-04-17,Energy,2024,4,2,Apr,2024-04,89.76599999999999,-0.01615314595131625,11762269,0.01976186882902954,5
2024-04-17,Fertilizer,2024,4,2,Apr,2024-04,126.495,-0.018719748118127405,4072373,0.02008482081257485,4
2024-04-17,Technology,2024,4,2,Apr,2024-04,147.1325,-0.003982498496465564,7682792,0.025337386616989685,4
2024-04-18,Banking,2024,4,2,Apr,2024-04,104.9,0.0023570675666213735,7577789,0.013465825074813281,5
2024-04-18,Cement,2024,4,2,Apr,2024-04,261.05,-0.0038973418205061894,7644083,0.01848477557180016,4
2024-04-18,Energy,2024,4,2,Apr,2024-04,90.238,0.003424164715511946,14832198,0.01932024169391306,5
2024-04-18,Fertilizer,2024,4,2,Apr,2024-04,127.36,0.016481200814552982,9042306,0.020743211260787715,4
2024-04-18,Technology,2024,4,2,Apr,2024-04,146.4325,-0.010010099099880293,7348654,0.02484733343967099,4
2024-04-19,Banking,2024,4,2,Apr,2024-04,106.13399999999999,0.013600643376930722,6966364,0.013577431210667543,5
2024-04-19,Cement,2024,4,2,Apr,2024-04,259.9775,-0.00526599975714781,6545541,0.018379475709621302,4
2024-04-19,Energy,2024,4,2,Apr,2024-04,91.286,0.007611075345393292,16944359,0.019208387676155562,5
2024-04-19,Fertilizer,2024,4,2,Apr,2024-04,129.51,0.0255027617750187,11472454,0.019671121042552538,4
2024-04-19,Technology,2024,4,2,Apr,2024-04,146.155,0.004848287805566093,16068376,0.02487601922559875,4
2024-04-22,Banking,2024,4,2,Apr,2024-04,107.378,0.012397720562077597,53650951,0.013643077970799167,5
2024-04-22,Cement,2024,4,2,Apr,2024-04,265.425,0.019242446630556076,13917064,0.018586456839018044,4
2024-04-22,Energy,2024,4,2,Apr,2024-04,91.626,0.007794417624598671,29635095,0.017743489335998813,5
2024-04-22,Fertilizer,2024,4,2,Apr,2024-04,130.18,0.017754198783391018,9580600,0.019971823346174172,4
2024-04-22,Technology,2024,4,2,Apr,2024-04,149.8175,0.0353776798080197,29066369,0.025552608348367204,4
2024-04-23,Banking,2024,4,2,Apr,2024-04,108.054,0.0032089914032539914,15800518,0.013764028454338845,5
2024-04-23,Cement,2024,4,2,Apr,2024-04,271.425,0.02487138529638372,39395246,0.01915459151303417,4
2024-04-23,Energy,2024,4,2,Apr,2024-04,90.562,-0.01277115305233103,13442362,0.017254144764238886,5
2024-04-23,Fertilizer,2024,4,2,Apr,2024-04,129.815,-0.006967175868695774,9656949,0.020150660616358576,4
2024-04-23,Technology,2024,4,2,Apr,2024-04,149.035,-0.010713605090908074,20869347,0.024733413736122936,4
2024-04-24,Banking,2024,4,2,Apr,2024-04,109.08600000000001,0.01265776267211014,17450441,0.014010308482782166,5
2024-04-24,Cement,2024,4,2,Apr,2024-04,282.0225,0.03401974361478316,23712433,0.020183220004689605,4
2024-04-24,Energy,2024,4,2,Apr,2024-04,90.838,0.002532901457735903,12425557,0.017169448347884437,5
2024-04-24,Fertilizer,2024,4,2,Apr,2024-04,130.98,0.02806927262679787,16817840,0.020711956817385052,4
2024-04-24,Technology,2024,4,2,Apr,2024-04,153.0775,0.032035282264487264,34655960,0.025295641813717677,4
2024-04-25,Banking,2024,4,2,Apr,2024-04,109.218,0.0020269134340526575,9118579,0.013696925405354127,5
2024-04-25,Cement,2024,4,2,Apr,2024-04,277.4475,-0.021923696557755584,12893200,0.0206067825294899,4
2024-04-25,Energy,2024,4,2,Apr,2024-04,91.414,0.008056970653296403,22249806,0.017111840057814444,5
2024-04-25,Fertilizer,2024,4,2,Apr,2024-04,130.1725,-0.010519717591320393,25061878,0.020899552263892927,4
2024-04-25,Technology,2024,4,2,Apr,2024-04,152.085,-0.003331948299691939,36147769,0.025317870806307596,4
2024-04-26,Banking,2024,4,2,Apr,2024-04,109.202,0.0011613386232763423,6248295,0.013602814783456351,5
2024-04-26,Cement,2024,4,2,Apr,2024-04,282.115,0.01280723898648456,9172590,0.02072683926359195,4
2024-04-26,Energy,2024,4,2,Apr,2024-04,91.316,-0.0024485081474852955,16395011,0.017080347485200122,5
2024-04-26,Fertilizer,2024,4,2,Apr,2024-04,133.85999999999999,0.048252574928507985,25716758,0.022181448255279217,4
2024-04-26,Technology,2024,4,2,Apr,2024-04,150.89999999999998,-0.01570556829220432,12290000,0.0246603198841403,4
2024-04-29,Banking,2024,4,2,Apr,2024-04,108.48599999999999,-0.00548416138288268,7891903,0.013667501774950594,5
2024-04-29,Cement,2024,4,2,Apr,2024-04,276.46250000000003,-0.01946429668359473,27647922,0.021110673265650602,4
2024-04-29,Energy,2024,4,2,Apr,2024-04,89.97999999999999,-0.012385520276404938,18062246,0.017270900957403357,5
2024-04-29,Fertilizer,2024,4,2,Apr,2024-04,133.61249999999998,0.008127800270581742,43212144,0.02256705383575323,4
2024-04-29,Technology,2024,4,2,Apr,2024-04,150.2975,-0.002159742987240698,27112707,0.024602135134806188,4
2024-04-30,Banking,2024,4,2,Apr,2024-04,107.25999999999999,-0.006275304711076557,6612407,0.013972075135417886,5
2024-04-30,Cement,2024,4,2,Apr,2024-04,273.015,-0.017983828775590766,11847039,0.020952086888324273,4
2024-04-30,Energy,2024,4,2,Apr,2024-04,90.53999999999999,0.0031921695009461625,45753813,0.01655990318335184,5
2024-04-30,Fertilizer,2024,4,2,Apr,2024-04,134.2375,0.008860964501090585,25087985,0.022169296558631812,4
2024-04-30,Technology,2024,4,2,Apr,2024-04,143.0725,-0.06615249550109761,25969589,0.02663583124475022,4
2024-05-02,Banking,2024,5,2,May,2024-05,106.46599999999998,-0.00483556977282833,6090810,0.013750896744094085,5
2024-05-02,Cement,2024,5,2,May,2024-05,273.14250000000004,0.007527952699815571,16370161,0.020830159680459308,4
2024-05-02,Energy,2024,5,2,May,2024-05,90.15599999999999,-0.003468810463773142,23557809,0.01597730969097216,5
2024-05-02,Fertilizer,2024,5,2,May,2024-05,132.015,-0.02040235963775086,12898447,0.022681533504668012,4
2024-05-02,Technology,2024,5,2,May,2024-05,137.73499999999999,-0.0465805881572558,15088198,0.02716555719291747,4
2024-05-03,Banking,2024,5,2,May,2024-05,107.204,0.002459416481605481,11445557,0.013873501223825743,5
2024-05-03,Cement,2024,5,2,May,2024-05,278.0475,0.027569973357916333,15853278,0.021039686683309633,4
2024-05-03,Energy,2024,5,2,May,2024-05,93.812,0.03491745373537414,54580696,0.01605012065852476,5
2024-05-03,Fertilizer,2024,5,2,May,2024-05,133.095,0.00982670700655447,13872689,0.022721533730833562,4
2024-05-03,Technology,2024,5,2,May,2024-05,137.9925,0.0032354158519347642,10632203,0.025278934666977955,4
2024-05-06,Banking,2024,5,2,May,2024-05,108.29,0.009064941224038803,6917435,0.013729613711464278,5
2024-05-06,Cement,2024,5,2,May,2024-05,282.34,0.020809905869693446,22976353,0.02115890330773413,4
2024-05-06,Energy,2024,5,2,May,2024-05,93.916,0.0013913736978220293,35716534,0.01568320830030894,5
2024-05-06,Fertilizer,2024,5,2,May,2024-05,135.26,0.005455092845919773,16429072,0.022899454066557096,4
2024-05-06,Technology,2024,5,2,May,2024-05,137.7475,0.0044912191414247515,8246540,0.02529169594639422,4
2024-05-07,Banking,2024,5,2,May,2024-05,108.28599999999999,-5.7952029810870444e-05,6001747,0.0136774823406056,5
2024-05-07,Cement,2024,5,2,May,2024-05,279.5825,-0.012003190688289894,19028429,0.021263329190572312,4
2024-05-07,Energy,2024,5,2,May,2024-05,92.51,-0.015029696005204096,22412963,0.01601471134114104,5
2024-05-07,Fertilizer,2024,5,2,May,2024-05,134.6475,-0.007160433683156359,8331879,0.02289168935056822,4
2024-05-07,Technology,2024,5,2,May,2024-05,138.275,0.004830639855744001,11757032,0.024944664740134657,4
2024-05-08,Banking,2024,5,2,May,2024-05,107.89000000000001,-0.001526488017171146,7963113,0.013386013860110879,5
2024-05-08,Cement,2024,5,2,May,2024-05,276.55,-0.009486224275435162,5990446,0.021217419671583963,4
2024-05-08,Energy,2024,5,2,May,2024-05,92.486,-0.004042830313376577,25743589,0.015995340288626213,5
2024-05-08,Fertilizer,2024,5,2,May,2024-05,134.8225,-0.010912086773224472,18568755,0.023378238285082995,4
2024-05-08,Technology,2024,5,2,May,2024-05,139.23499999999999,0.006093260250230548,17049777,0.024825317975889317,4
2024-05-09,Banking,2024,5,2,May,2024-05,108.102,0.003468075217496791,2954436,0.013383614635923944,5
2024-05-09,Cement,2024,5,2,May,2024-05,276.15999999999997,0.014263426364196669,17743076,0.021328373041925926,4
2024-05-09,Energy,2024,5,2,May,2024-05,92.43199999999999,-0.0006941821294545348,10895762,0.015784580775831517,5
2024-05-09,Fertilizer,2024,5,2,May,2024-05,132.255,-0.017092123948607485,10562121,0.023949306134138253,4
2024-05-09,Technology,2024,5,2,May,2024-05,142.715,0.0410585396840481,24431923,0.02620044830941829,4
2024-05-10,Banking,2024,5,2,May,2024-05,107.924,-0.0029948067540220835,1907492,0.013379728809308242,5
2024-05-10,Cement,2024,5,2,May,2024-05,285.4625,0.042629404957857886,43306008,0.021866195745337644,4
2024-05-10,Energy,2024,5,2,May,2024-05,93.626,0.013207895113027269,17290763,0.015706243996528167,5
2024-05-10,Fertilizer,2024,5,2,May,2024-05,130.7575,0.0032410020302042764,7868983,0.02412893414668779,4
2024-05-10,Technology,2024,5,2,May,2024-05,142.5425,-0.0017821568435417434,18028582,0.025624236499295468,4
2024-05-13,Banking,2024,5,2,May,2024-05,108.63199999999999,0.007162315981680933,2981710,0.01314157698579777,5
2024-05-13,Cement,2024,5,2,May,2024-05,286.21750000000003,0.002835390487887418,29962214,0.02199629380319499,4
2024-05-13,Energy,2024,5,2,May,2024-05,94.59599999999999,0.010731183949786161,30874787,0.015563792489842956,5
2024-05-13,Fertilizer,2024,5,2,May,2024-05,131.73,0.0002289905650978974,5554853,0.02409144788648409,4
2024-05-13,Technology,2024,5,2,May,2024-05,142.82,0.005061091119068412,21189443,0.025582823884144845,4
2024-05-14,Banking,2024,5,2,May,2024-05,110.208,0.010941644757988112,6255238,0.01322267443387641,5
2024-05-14,Cement,2024,5,2,May,2024-05,290.02,0.007262122122311393,19726786,0.02199368957094571,4
2024-05-14,Energy,2024,5,2,May,2024-05,96.102,0.016603755756023374,41256512,0.01556864078399881,5
2024-05-14,Fertilizer,2024,5,2,May,2024-05,132.275,0.0019770998034261134,12276454,0.023820564774498135,4
2024-05-14,Technology,2024,5,2,May,2024-05,142.175,-0.009174823295935525,7893864,0.02555913104692976,4
2024-05-15,Banking,2024,5,2,May,2024-05,112.06199999999998,0.014887392709384306,7210035,0.013447302800682338,5
2024-05-15,Cement,2024,5,2,May,2024-05,292.865,-0.0052453288549839105,15619080,0.022213422404563136,4
2024-05-15,Energy,2024,5,2,May,2024-05,94.714,-0.015495997080224689,31483547,0.015871993399263918,5
2024-05-15,Fertilizer,2024,5,2,May,2024-05,131.475,-0.004951368174346743,9150576,0.023375606029017698,4
2024-05-15,Technology,2024,5,2,May,2024-05,141.82999999999998,-0.011324268520199382,7107977,0.02443600902594017,4
2024-05-16,Banking,2024,5,2,May,2024-05,114.792,0.020634808823585305,7824771,0.013713173697973322,5
2024-05-16,Cement,2024,5,2,May,2024-05,292.43,-0.0005332375157798552,16694915,0.02225890495328828,4
2024-05-16,Energy,2024,5,2,May,2024-05,93.91,-0.00823249217923545,10119367,0.015954641112492982,5
2024-05-16,Fertilizer,2024,5,2,May,2024-05,131.16,-0.0027772935413418742,2993539,0.023103252072771974,4
2024-05-16,Technology,2024,5,2,May,2024-05,143.39749999999998,0.0005099641253051568,6474914,0.024400687829391428,4
2024-05-17,Banking,2024,5,2,May,2024-05,114.328,-0.003570561776920034,6839500,0.013535156568574907,5
2024-05-17,Cement,2024,5,2,May,2024-05,291.555,0.002537497505505526,21637257,0.022075192802515214,4
2024-05-17,Energy,2024,5,2,May,2024-05,94.12,0.003684829021516722,9742085,0.015727571699713443,5
2024-05-17,Fertilizer,2024,5,2,May,2024-05,132.13,0.013303627328376255,3733047,0.022905571650575753,4
2024-05-17,Technology,2024,5,2,May,2024-05,143.79500000000002,2.5758310889661962e-05,4978572,0.02413900576036019,4
2024-05-20,Banking,2024,5,2,May,2024-05,113.124,-0.008969943560936434,4469305,0.01380333578460056,5
2024-05-20,Cement,2024,5,2,May,2024-05,289.645,-0.01873248005814887,11309283,0.02246223157612711,4
2024-05-20,Energy,2024,5,2,May,2024-05,93.16,-0.009983257324510952,11871034,0.015675487741482926,5
2024-05-20,Fertilizer,2024,5,2,May,2024-05,130.70749999999998,0.0031973608017898114,10890274,0.02324695961468749,4
2024-05-20,Technology,2024,5,2,May,2024-05,148.5825,0.03146250001772108,18850690,0.025093570553914393,4
2024-05-21,Banking,2024,5,2,May,2024-05,113.88600000000001,0.0052834861271763515,5471912,0.013755633814630644,5
2024-05-21,Cement,2024,5,2,May,2024-05,288.085,-0.0097798170329291,9777609,0.022559984013512807,4
2024-05-21,Energy,2024,5,2,May,2024-05,93.142,-0.0011947850115864745,7967933,0.015522543240815936,5
2024-05-21,Fertilizer,2024,5,2,May,2024-05,130.355,-0.004275213355560886,7494477,0.023345878575927223,4
2024-05-21,Technology,2024,5,2,May,2024-05,150.055,0.004235761120340631,14763405,0.024965901700486386,4
2024-05-22,Banking,2024,5,2,May,2024-05,113.53,-0.001674939996176783,2107033,0.013789494349889806,5
2024-05-22,Cement,2024,5,2,May,2024-05,285.7425,-0.012327444173912988,8172563,0.01922428556471737,4
2024-05-22,Energy,2024,5,2,May,2024-05,92.22,-0.011152347595386991,11487721,0.015468289387040039,5
2024-05-22,Fertilizer,2024,5,2,May,2024-05,129.3125,-0.0038640125369111544,5831375,0.02257265117238976,4
2024-05-22,Technology,2024,5,2,May,2024-05,151.005,-0.0174123166258274,11089903,0.02578634694971849,4
2024-05-23,Banking,2024,5,2,May,2024-05,112.56400000000001,-0.004814053774513605,3612515,0.013847190330593593,5
2024-05-23,Cement,2024,5,2,May,2024-05,285.81,0.007521777548474218,7084383,0.01870584929995593,4
2024-05-23,Energy,2024,5,2,May,2024-05,93.5,0.012830164459211835,23338340,0.01547681535509846,5
2024-05-23,Fertilizer,2024,5,2,May,2024-05,129.075,-0.0012973082956888038,4099558,0.022550934318011397,4
2024-05-23,Technology,2024,5,2,May,2024-05,151.9025,0.011133756450434545,8462262,0.025441920391318935,4
2024-05-24,Banking,2024,5,2,May,2024-05,115.194,0.02043735206881987,8789891,0.01373787991353657,5
2024-05-24,Cement,2024,5,2,May,2024-05,289.9275,0.0059426070076890325,8165462,0.018860559625300248,4
2024-05-24,Energy,2024,5,2,May,2024-05,93.678,0.0031855209343654156,20328909,0.014936979951984525,5
2024-05-24,Fertilizer,2024,5,2,May,2024-05,129.7725,0.004369798043397932,4423716,0.022061034872991773,4
2024-05-24,Technology,2024,5,2,May,2024-05,152.395,-0.0007061563226493373,7344511,0.0248454398693276,4
2024-05-27,Banking,2024,5,2,May,2024-05,114.48600000000002,-0.006095210599123857,11009846,0.013781267739858712,5
2024-05-27,Cement,2024,5,2,May,2024-05,287.55,-0.015774245102976675,7112404,0.019179596620318755,4
2024-05-27,Energy,2024,5,2,May,2024-05,92.268,-0.012385939215074226,9239796,0.014725061498702735,5
2024-05-27,Fertilizer,2024,5,2,May,2024-05,128.26,-0.01698817665249816,3588353,0.020523216966575705,4
2024-05-27,Technology,2024,5,2,May,2024-05,153.89,0.004235963035459117,8505417,0.024768937024121477,4
2024-05-28,Banking,2024,5,2,May,2024-05,114.48600000000002,0.0,0,0.01328993655564208,5
2024-05-28,Cement,2024,5,2,May,2024-05,287.55,0.0,0,0.01914036866585074,4
2024-05-28,Energy,2024,5,2,May,2024-05,92.268,0.0,0,0.014008449208127119,5
2024-05-28,Fertilizer,2024,5,2,May,2024-05,128.26,0.0,0,0.020139513124736167,4
2024-05-28,Technology,2024,5,2,May,2024-05,153.89,0.0,0,0.02458545028354485,4
2024-05-29,Banking,2024,5,2,May,2024-05,113.87,-0.005600825383052644,5002469,0.012860960452318826,5
2024-05-29,Cement,2024,5,2,May,2024-05,285.6725,-0.014124967308435654,8345731,0.01927035383936274,4
2024-05-29,Energy,2024,5,2,May,2024-05,90.166,-0.021750583974850635,22233046,0.01445075208151907,5
2024-05-29,Fertilizer,2024,5,2,May,2024-05,126.35499999999999,-0.012867844946339885,4065082,0.01995220808197143,4
2024-05-29,Technology,2024,5,2,May,2024-05,152.1725,-0.014788224979776471,6015226,0.024720386148425148,4
2024-05-30,Banking,2024,5,2,May,2024-05,113.268,-0.006047166945362337,3219519,0.012650044245334871,5
2024-05-30,Cement,2024,5,2,May,2024-05,290.16499999999996,0.021815662580859818,13938084,0.019621757754204425,4
2024-05-30,Energy,2024,5,2,May,2024-05,89.97999999999999,-0.0027871387767770097,14735619,0.014183841685197107,5
2024-05-30,Fertilizer,2024,5,2,May,2024-05,124.7075,-0.013950487121234784,4077553,0.019810153339398857,4
2024-05-30,Technology,2024,5,2,May,2024-05,151.88,-0.010755960444881751,6337098,0.02487990064244866,4
2024-05-31,Banking,2024,5,2,May,2024-05,114.56800000000001,0.008222772730921113,3933276,0.01270878237937868,5
2024-05-31,Cement,2024,5,2,May,2024-05,291.69,0.013742153564601067,11322477,0.01961704191859013,4
2024-05-31,Energy,2024,5,2,May,2024-05,90.144,0.0016664987453733904,12932752,0.014151734058161258,5
2024-05-31,Fertilizer,2024,5,2,May,2024-05,127.72749999999999,0.02585466958343985,8256400,0.019974099153068168,4
2024-05-31,Technology,2024,5,2,May,2024-05,162.245,0.048162069852682066,16483901,0.02700756101356517,4
2024-06-03,Banking,2024,6,2,Jun,2024-06,113.626,-0.00866661484483593,3740900,0.012698790702207974,5
2024-06-03,Cement,2024,6,2,Jun,2024-06,292.4525,0.00439335279150585,12881373,0.019573126199723286,4
2024-06-03,Energy,2024,6,2,Jun,2024-06,89.474,-0.004655692501622321,11282140,0.014064558433559995,5
2024-06-03,Fertilizer,2024,6,2,Jun,2024-06,126.26750000000001,-0.00884370755164371,3725715,0.019587077250031296,4
2024-06-03,Technology,2024,6,2,Jun,2024-06,163.48000000000002,0.04281666292414463,23169023,0.02891084434320181,4
2024-06-04,Banking,2024,6,2,Jun,2024-06,112.99000000000001,-0.005822079198445307,3461633,0.012454875324414092,5
2024-06-04,Cement,2024,6,2,Jun,2024-06,293.1275,-0.013387340598886438,13126372,0.0197589531609899,4
2024-06-04,Energy,2024,6,2,Jun,2024-06,88.436,-0.013283132950467746,10427209,0.014020865556496629,5
2024-06-04,Fertilizer,2024,6,2,Jun,2024-06,124.21249999999999,-0.023905554867945017,3315250,0.019601453976234706,4
2024-06-04,Technology,2024,6,2,Jun,2024-06,159.055,-0.018020532351991275,23164127,0.028855600598874723,4
2024-06-05,Banking,2024,6,2,Jun,2024-06,111.8,-0.014172308686503276,4991457,0.012855254661555807,5
2024-06-05,Cement,2024,6,2,Jun,2024-06,293.05,-0.004973508177212149,9603191,0.01925208574204835,4
2024-06-05,Energy,2024,6,2,Jun,2024-06,87.388,-0.013293691060288437,8465535,0.014089369417821785,5
2024-06-05,Fertilizer,2024,6,2,Jun,2024-06,123.85249999999999,-0.0035028506571177787,3137082,0.019535448117032565,4
2024-06-05,Technology,2024,6,2,Jun,2024-06,158.10500000000002,-0.009416073167639372,25878170,0.028880336583114723,4
2024-06-06,Banking,2024,6,2,Jun,2024-06,111.422,-0.00043935429340489216,2819444,0.012378366085832598,5
2024-06-06,Cement,2024,6,2,Jun,2024-06,293.90749999999997,-0.0026764077259007757,5691741,0.018058090110709066,4
2024-06-06,Energy,2024,6,2,Jun,2024-06,86.66799999999999,-0.007254896674131284,11568789,0.014145529183800645,5
2024-06-06,Fertilizer,2024,6,2,Jun,2024-06,123.785,-0.006314949298898309,11429919,0.018693052932841826,4
2024-06-06,Technology,2024,6,2,Jun,2024-06,156.0775,-0.02261993422874725,12980432,0.02894606375343975,4
2024-06-07,Banking,2024,6,2,Jun,2024-06,110.30999999999999,-0.010299203702985005,6152194,0.012517958596515602,5
2024-06-07,Cement,2024,6,2,Jun,2024-06,294.7,0.019275488011574554,13268474,0.017964411865093313,4
2024-06-07,Energy,2024,6,2,Jun,2024-06,85.312,-0.01757223501049947,19211852,0.014330127751853794,5
2024-06-07,Fertilizer,2024,6,2,Jun,2024-06,123.9475,0.003841603879565142,4959279,0.018725637676258598,4
2024-06-07,Technology,2024,6,2,Jun,2024-06,157.92,0.0033991094157064805,14234098,0.02892211502569237,4
2024-06-10,Banking,2024,6,2,Jun,2024-06,109.974,-0.0033176383992217897,2101046,0.012588940460050999,5
2024-06-10,Cement,2024,6,2,Jun,2024-06,292.4,-0.004846734663237845,11110358,0.017868308321697682,4
2024-06-10,Energy,2024,6,2,Jun,2024-06,84.79400000000001,-0.0033636519086110315,9153940,0.014586518605440432,5
2024-06-10,Fertilizer,2024,6,2,Jun,2024-06,122.9625,-0.00619613237033137,1176789,0.016196453679729994,4
2024-06-10,Technology,2024,6,2,Jun,2024-06,158.41,-0.0013722726691082487,7672542,0.028776133571799044,4
2024-06-11,Banking,2024,6,2,Jun,2024-06,109.804,-0.0036227551925697597,1503673,0.01258476359550982,5
2024-06-11,Cement,2024,6,2,Jun,2024-06,289.23,-0.021617200212768528,16250651,0.01795078866990755,4
2024-06-11,Energy,2024,6,2,Jun,2024-06,83.63,-0.013910226902787804,12076077,0.014537513479466815,5
2024-06-11,Fertilizer,2024,6,2,Jun,2024-06,121.495,-0.01103498354880994,1779663,0.01555487224158796,4
2024-06-11,Technology,2024,6,2,Jun,2024-06,153.5225,-0.030317393022023853,6513019,0.029226445642683008,4
2024-06-12,Banking,2024,6,2,Jun,2024-06,109.874,-0.0023192634472700923,2051658,0.012433244983575507,5
2024-06-12,Cement,2024,6,2,Jun,2024-06,288.4375,0.006820047844208366,6221169,0.017663320231142483,4
2024-06-12,Energy,2024,6,2,Jun,2024-06,84.712,0.013461376258573087,11241883,0.014700736112670273,5
2024-06-12,Fertilizer,2024,6,2,Jun,2024-06,122.345,0.0047537385773376295,1856417,0.015480623440602553,4
2024-06-12,Technology,2024,6,2,Jun,2024-06,157.2275,0.02689474721776125,8641906,0.026744130375366323,4
2024-06-13,Banking,2024,6,2,Jun,2024-06,116.47,0.05705718733233907,10513222,0.01583992610581834,5
2024-06-13,Cement,2024,6,2,Jun,2024-06,309.18,0.0665818160004707,33994791,0.021434271049293317,4
2024-06-13,Energy,2024,6,2,Jun,2024-06,90.064,0.0545711791240171,41110679,0.018058152669681436,5
2024-06-13,Fertilizer,2024,6,2,Jun,2024-06,127.195,0.053608678764115625,6806842,0.01843269995222246,4
2024-06-13,Technology,2024,6,2,Jun,2024-06,162.085,0.027256576627182283,15613890,0.025382781460482593,4
2024-06-14,Banking,2024,6,2,Jun,2024-06,120.61600000000001,0.03823411966121015,12758482,0.017303222995354747,5
2024-06-14,Cement,2024,6,2,Jun,2024-06,305.66499999999996,-0.015664922770287915,10615261,0.021300941390715606,4
2024-06-14,Energy,2024,6,2,Jun,2024-06,89.994,0.003501754084680231,21854417,0.01680549680510929,5
2024-06-14,Fertilizer,2024,6,2,Jun,2024-06,127.3875,-0.008664412659065451,6580073,0.01846758409652599,4
2024-06-14,Technology,2024,6,2,Jun,2024-06,160.6125,-0.0028386871193726015,14888306,0.02529089960611903,4
2024-06-20,Banking,2024,6,2,Jun,2024-06,130.73,0.08259272346185495,30338264,0.023112880690881514,5
2024-06-20,Cement,2024,6,2,Jun,2024-06,308.125,0.013076356030868319,9444228,0.021196812038421553,4
2024-06-20,Energy,2024,6,2,Jun,2024-06,90.074,7.046583151826269e-06,18168413,0.016872554690578054,5
2024-06-20,Fertilizer,2024,6,2,Jun,2024-06,129.6025,0.02268086653124285,7513045,0.018720960118308892,4
2024-06-20,Technology,2024,6,2,Jun,2024-06,160.8725,0.005231818581901859,7174074,0.02524417539507845,4
2024-06-21,Banking,2024,6,2,Jun,2024-06,132.654,0.012142845948696347,18333553,0.02325133418911411,5
2024-06-21,Cement,2024,6,2,Jun,2024-06,297.695,-0.02789928188105284,12109857,0.021824343867425516,4
2024-06-21,Energy,2024,6,2,Jun,2024-06,89.50399999999999,-0.0071495187993723345,17694428,0.01684857126094671,5
2024-06-21,Fertilizer,2024,6,2,Jun,2024-06,128.7775,0.007299996111411772,9346662,0.0190314899608689,4
2024-06-21,Technology,2024,6,2,Jun,2024-06,157.51749999999998,-0.015316712571002228,5121100,0.025542467264027043,4
2024-06-24,Banking,2024,6,2,Jun,2024-06,131.698,-0.005456881052296536,7963855,0.023430712427733667,5
2024-06-24,Cement,2024,6,2,Jun,2024-06,292.9825,-0.009958046031977003,3666593,0.021780843295653718,4
2024-06-24,Energy,2024,6,2,Jun,2024-06,88.75200000000001,-0.008510282522900047,10218030,0.01684822933410265,5
2024-06-24,Fertilizer,2024,6,2,Jun,2024-06,128.6525,0.0014690944626532532,7650716,0.0186649496805453,4
2024-06-24,Technology,2024,6,2,Jun,2024-06,155.885,-0.012074968891729543,5905995,0.02572130949681841,4
2024-06-25,Banking,2024,6,2,Jun,2024-06,130.28400000000002,-0.010496785692777589,4885115,0.023620950134431933,5
2024-06-25,Cement,2024,6,2,Jun,2024-06,293.66,-0.001363892344215606,6907402,0.021391385420460998,4
2024-06-25,Energy,2024,6,2,Jun,2024-06,88.05,-0.009438319298293685,8823016,0.016948856453157322,5
2024-06-25,Fertilizer,2024,6,2,Jun,2024-06,130.58499999999998,0.01247490479916899,5464316,0.019026739120761874,4
2024-06-25,Technology,2024,6,2,Jun,2024-06,155.805,-0.004419744574903101,7509188,0.02399994152345891,4
2024-06-26,Banking,2024,6,2,Jun,2024-06,129.518,-0.006818063152495446,4295246,0.023711644843301016,5
2024-06-26,Cement,2024,6,2,Jun,2024-06,293.58,0.004334799727406302,6864848,0.01987527165710054,4
2024-06-26,Energy,2024,6,2,Jun,2024-06,89.688,0.014258447615276438,43313640,0.017052591596877643,5
2024-06-26,Fertilizer,2024,6,2,Jun,2024-06,132.685,0.01873565460109894,8402748,0.019664197543442802,4
2024-06-26,Technology,2024,6,2,Jun,2024-06,155.16,-0.015740033670499837,16235773,0.02420652075388195,4
2024-06-27,Banking,2024,6,2,Jun,2024-06,129.856,0.0043078792081028714,3207809,0.023742909945289638,5
2024-06-27,Cement,2024,6,2,Jun,2024-06,293.855,0.00040085427563496534,6321744,0.01968247445567313,4
2024-06-27,Energy,2024,6,2,Jun,2024-06,89.522,-0.0026239370164293343,21365056,0.01690847270195041,5
2024-06-27,Fertilizer,2024,6,2,Jun,2024-06,132.0575,0.0024665265882301834,4092246,0.019519009296384865,4
2024-06-27,Technology,2024,6,2,Jun,2024-06,155.225,-0.00041066016745419653,8233402,0.024083713000819743,4
2024-06-28,Banking,2024,6,2,Jun,2024-06,127.55199999999999,-0.012861047922307333,6990669,0.024039913103720757,5
2024-06-28,Cement,2024,6,2,Jun,2024-06,294.925,0.001050327257075212,4059109,0.019611782481138186,4
2024-06-28,Energy,2024,6,2,Jun,2024-06,88.756,-0.008979617562225317,8441393,0.016476101276428103,5
2024-06-28,Fertilizer,2024,6,2,Jun,2024-06,132.27,0.0065147602712195,8529046,0.01954425499068896,4
2024-06-28,Technology,2024,6,2,Jun,2024-06,153.43,-0.011476555661179999,10410574,0.024129475013159235,4
2024-07-01,Banking,2024,7,3,Jul,2024-07,128.69400000000002,0.008179482754662671,5111601,0.02392668769668376,5
2024-07-01,Cement,2024,7,3,Jul,2024-07,291.7225,-0.01217447967837701,9129394,0.01960941017332901,4
2024-07-01,Energy,2024,7,3,Jul,2024-07,89.316,0.01244960105437909,21709759,0.016762575229374767,5
2024-07-01,Fertilizer,2024,7,3,Jul,2024-07,131.775,0.006260719713886448,14138508,0.019532410420189453,4
2024-07-01,Technology,2024,7,3,Jul,2024-07,153.46,0.006344402695676321,4699604,0.02423944861952572,4
2024-07-02,Banking,2024,7,3,Jul,2024-07,129.294,0.004673820828907438,4531221,0.02367653025739739,5
2024-07-02,Cement,2024,7,3,Jul,2024-07,292.625,0.0028411168578507118,5303905,0.01957901381243722,4
2024-07-02,Energy,2024,7,3,Jul,2024-07,90.774,0.01489797831554287,19257396,0.017133581246360642,5
2024-07-02,Fertilizer,2024,7,3,Jul,2024-07,134.4025,0.03489130468570384,18720609,0.02049299491499093,4
2024-07-02,Technology,2024,7,3,Jul,2024-07,154.44,0.010674762632847667,3463313,0.024381997578358593,4
2024-07-03,Banking,2024,7,3,Jul,2024-07,131.028,0.01663806177218836,9509114,0.023933450508378327,5
2024-07-03,Cement,2024,7,3,Jul,2024-07,295.9325,0.008441389025017676,11539360,0.01959900189221038,4
2024-07-03,Energy,2024,7,3,Jul,2024-07,92.354,0.0188524834800917,24960556,0.017639437609198845,5
2024-07-03,Fertilizer,2024,7,3,Jul,2024-07,133.7675,-0.009585391009485189,16267443,0.020497669559851956,4
2024-07-03,Technology,2024,7,3,Jul,2024-07,157.4175,0.026822268625056628,16466071,0.025427980713265956,4
2024-07-04,Banking,2024,7,3,Jul,2024-07,131.08800000000002,0.00048802554434541624,9096251,0.02375461883691026,5
2024-07-04,Cement,2024,7,3,Jul,2024-07,299.33250000000004,0.003980949889022839,10076665,0.01917590970588579,4
2024-07-04,Energy,2024,7,3,Jul,2024-07,92.40599999999999,0.00021801508683922944,18698046,0.017650766546765714,5
2024-07-04,Fertilizer,2024,7,3,Jul,2024-07,133.215,-0.008490000914478685,7527527,0.020256658606427905,4
2024-07-04,Technology,2024,7,3,Jul,2024-07,157.53,-0.0022581789659203155,8857374,0.024652080909781243,4
2024-07-05,Banking,2024,7,3,Jul,2024-07,131.68599999999998,0.005933909466610055,14496067,0.024052775316968658,5
2024-07-05,Cement,2024,7,3,Jul,2024-07,296.9675,-0.009612564311351546,3275671,0.019151523894237323,4
2024-07-05,Energy,2024,7,3,Jul,2024-07,91.342,-0.0126694575745123,11972952,0.017785210016789097,5
2024-07-05,Fertilizer,2024,7,3,Jul,2024-07,132.4025,-0.004920510935500139,6566419,0.0202294261935259,4
2024-07-05,Technology,2024,7,3,Jul,2024-07,156.0825,-0.013585307996452328,4074478,0.024705634353896853,4
2024-07-08,Banking,2024,7,3,Jul,2024-07,134.098,0.02664728950923261,7007360,0.025324591798195007,5
2024-07-08,Cement,2024,7,3,Jul,2024-07,299.7675,0.012167183516085367,9366116,0.01918218898340007,4
2024-07-08,Energy,2024,7,3,Jul,2024-07,92.03399999999999,0.005300399617338724,7804497,0.017609767815224938,5
2024-07-08,Fertilizer,2024,7,3,Jul,2024-07,131.83249999999998,-0.00881303226833946,1896230,0.020306430251793323,4
2024-07-08,Technology,2024,7,3,Jul,2024-07,154.99749999999997,-0.015187353467167208,3755786,0.023950064668538485,4
2024-07-09,Banking,2024,7,3,Jul,2024-07,132.932,-0.009031138426476492,4852464,0.025465098368719158,5
2024-07-09,Cement,2024,7,3,Jul,2024-07,300.15749999999997,0.015419161959422667,32388492,0.019457370399079105,4
2024-07-09,Energy,2024,7,3,Jul,2024-07,92.728,0.003428498369652222,9929685,0.01751629695708445,5
2024-07-09,Fertilizer,2024,7,3,Jul,2024-07,132.8125,0.016195110794675754,10647156,0.020704227300090635,4
2024-07-09,Technology,2024,7,3,Jul,2024-07,154.88750000000002,0.0015056679776879744,9018699,0.02381365281839767,4
2024-07-10,Banking,2024,7,3,Jul,2024-07,131.848,-0.008108652409977313,3269226,0.025336113034093343,5
2024-07-10,Cement,2024,7,3,Jul,2024-07,295.7525,-0.017080698852830617,7428958,0.019605796347238136,4
2024-07-10,Energy,2024,7,3,Jul,2024-07,91.22800000000001,-0.014879241880031358,9022284,0.017637215989586792,5
2024-07-10,Fertilizer,2024,7,3,Jul,2024-07,131.69,-0.013234851331347275,5630817,0.02089863138922683,4
2024-07-10,Technology,2024,7,3,Jul,2024-07,154.705,-0.007170519532433334,7240276,0.023883435848221286,4
2024-07-11,Banking,2024,7,3,Jul,2024-07,131.49200000000002,-0.001477516901142595,5210035,0.025257081371787678,5
2024-07-11,Cement,2024,7,3,Jul,2024-07,294.2425,-0.007494051085123382,5528992,0.019300226490502087,4
2024-07-11,Energy,2024,7,3,Jul,2024-07,90.398,-0.00874198493505629,8728666,0.017630111545393103,5
2024-07-11,Fertilizer,2024,7,3,Jul,2024-07,132.8475,0.01266438311838397,12836596,0.02064641249266656,4
2024-07-11,Technology,2024,7,3,Jul,2024-07,157.35500000000002,-0.004744262827125839,7042737,0.024190100343124583,4
2024-07-12,Banking,2024,7,3,Jul,2024-07,132.318,0.008431736123166545,14874665,0.025536981598395497,5
2024-07-12,Cement,2024,7,3,Jul,2024-07,293.8475,0.00246882099804846,10825279,0.01932930706721588,4
2024-07-12,Energy,2024,7,3,Jul,2024-07,89.134,-0.008416562379935955,8815008,0.01780521314435577,5
2024-07-12,Fertilizer,2024,7,3,Jul,2024-07,133.655,0.023831512268020605,47684568,0.02142768350300233,4
2024-07-12,Technology,2024,7,3,Jul,2024-07,156.6275,-0.013638140126711523,6207642,0.024386257808644136,4
2024-07-15,Banking,2024,7,3,Jul,2024-07,134.746,0.015564123182954193,10861532,0.02566096128236565,5
2024-07-15,Cement,2024,7,3,Jul,2024-07,300.615,0.018827583471643594,15425062,0.019321178064847504,4
2024-07-15,Energy,2024,7,3,Jul,2024-07,90.522,0.013145419804956582,10857056,0.017560446827594434,5
2024-07-15,Fertilizer,2024,7,3,Jul,2024-07,136.78,0.017203558000290137,21261695,0.02148024165751508,4
2024-07-15,Technology,2024,7,3,Jul,2024-07,164.05499999999998,0.031080735974530815,15282994,0.025077736057640437,4
2024-07-16,Banking,2024,7,3,Jul,2024-07,134.746,0.0,0,0.025575554918096745,5
2024-07-16,Cement,2024,7,3,Jul,2024-07,300.615,0.0,0,0.018897540837082782,4
2024-07-16,Energy,2024,7,3,Jul,2024-07,90.522,0.0,0,0.01750366063916406,5
2024-07-16,Fertilizer,2024,7,3,Jul,2024-07,136.78,0.0,0,0.021205320845035742,4
2024-07-16,Technology,2024,7,3,Jul,2024-07,164.05499999999998,0.0,0,0.024898887643844764,4
2024-07-17,Banking,2024,7,3,Jul,2024-07,134.746,0.0,0,0.025512582658427135,5
2024-07-17,Cement,2024,7,3,Jul,2024-07,300.615,0.0,0,0.018692932757165964,4
2024-07-17,Energy,2024,7,3,Jul,2024-07,90.522,0.0,0,0.017471947634029643,5
2024-07-17,Fertilizer,2024,7,3,Jul,2024-07,136.78,0.0,0,0.020669421542208563,4
2024-07-17,Technology,2024,7,3,Jul,2024-07,164.05499999999998,0.0,0,0.022850663489810272,4
2024-07-18,Banking,2024,7,3,Jul,2024-07,136.528,0.009304133802694903,4945103,0.025463169326158008,5
2024-07-18,Cement,2024,7,3,Jul,2024-07,301.5125,0.001248886852570158,4187244,0.01866026711725162,4
2024-07-18,Energy,2024,7,3,Jul,2024-07,91.942,0.012107412632538273,17370196,0.01765007304138015,5
2024-07-18,Fertilizer,2024,7,3,Jul,2024-07,140.63,0.020016900111480773,29561805,0.021181086083987527,4
2024-07-18,Technology,2024,7,3,Jul,2024-07,168.965,0.04795327005710909,25425277,0.022171760774833772,4
2024-07-19,Banking,2024,7,3,Jul,2024-07,133.56,-0.02235357292292033,7852536,0.02604195535748697,5
2024-07-19,Cement,2024,7,3,Jul,2024-07,301.07,-0.010647085627050246,9987497,0.018535497176216317,4
2024-07-19,Energy,2024,7,3,Jul,2024-07,90.29400000000001,-0.007752035278533009,36145434,0.018138930664857215,5
2024-07-19,Fertilizer,2024,7,3,Jul,2024-07,136.64499999999998,-0.02752197192829109,35336155,0.021415571946085,4
2024-07-19,Technology,2024,7,3,Jul,2024-07,161.48,-0.04982928056932143,15157898,0.02316946353816616,4
2024-07-22,Banking,2024,7,3,Jul,2024-07,131.464,-0.017070849953261247,6863567,0.026172058664127983,5
2024-07-22,Cement,2024,7,3,Jul,2024-07,295.5025,-0.016877657995073736,7655447,0.018783692953252766,4
2024-07-22,Energy,2024,7,3,Jul,2024-07,88.152,-0.019465716569269032,26950635,0.019072997230790024,5
2024-07-22,Fertilizer,2024,7,3,Jul,2024-07,132.6925,-0.023334144522209443,14998269,0.02213582600108141,4
2024-07-22,Technology,2024,7,3,Jul,2024-07,159.8,-0.02421644787106786,10346572,0.023653042904942204,4
2024-07-23,Banking,2024,7,3,Jul,2024-07,131.32,-0.004482484379270501,3544715,0.02630850107849725,5
2024-07-23,Cement,2024,7,3,Jul,2024-07,295.1925,0.0013232844968090463,8798139,0.01877216211054321,4
2024-07-23,Energy,2024,7,3,Jul,2024-07,88.57,0.00012098030214082733,11616524,0.019253740684757166,5
2024-07-23,Fertilizer,2024,7,3,Jul,2024-07,134.16,0.018664621509695722,18691032,0.0219195466463471,4
2024-07-23,Technology,2024,7,3,Jul,2024-07,162.01999999999998,0.016018588418704405,9831755,0.02296220088323296,4
2024-07-24,Banking,2024,7,3,Jul,2024-07,131.62,0.006079329656015542,2743567,0.026190214176921266,5
2024-07-24,Cement,2024,7,3,Jul,2024-07,296.7575,0.004166702010131779,5009615,0.018271515458466607,4
2024-07-24,Energy,2024,7,3,Jul,2024-07,88.76199999999999,4.841979644769623e-05,6126261,0.018920259382113707,5
2024-07-24,Fertilizer,2024,7,3,Jul,2024-07,135.52,0.007767886125451012,11414343,0.0219102586070934,4
2024-07-24,Technology,2024,7,3,Jul,2024-07,162.935,0.02817678988365488,11382072,0.02496739413654805,4
2024-07-25,Banking,2024,7,3,Jul,2024-07,129.9,-0.01360737818567317,4245997,0.02634248787669071,5
2024-07-25,Cement,2024,7,3,Jul,2024-07,294.255,-0.0058181796544767295,6870006,0.01825309286515859,4
2024-07-25,Energy,2024,7,3,Jul,2024-07,88.884,0.0009482368423234355,8101665,0.018750778163541083,5
2024-07-25,Fertilizer,2024,7,3,Jul,2024-07,134.29,-0.004676793169413412,30596671,0.021888039947046946,4
2024-07-25,Technology,2024,7,3,Jul,2024-07,158.5425,-0.02952513699665585,9405161,0.02559075181689218,4
2024-07-26,Banking,2024,7,3,Jul,2024-07,130.16,0.0026033105396575883,1321541,0.0264040672247761,5
2024-07-26,Cement,2024,7,3,Jul,2024-07,292.7475,-0.006576078967098997,4152390,0.01782607575894977,4
2024-07-26,Energy,2024,7,3,Jul,2024-07,87.152,-0.020315742117604074,21760016,0.01902394803589754,5
2024-07-26,Fertilizer,2024,7,3,Jul,2024-07,133.5725,-0.009511520455572714,6847944,0.021897449049517823,4
2024-07-26,Technology,2024,7,3,Jul,2024-07,155.7825,-0.021106275883692738,5010634,0.025232125443719514,4
2024-07-29,Banking,2024,7,3,Jul,2024-07,131.84,0.007366797981102647,3520844,0.026442328932760738,5
2024-07-29,Cement,2024,7,3,Jul,2024-07,295.78000000000003,0.026555341170848457,11733253,0.018531044890376915,4
2024-07-29,Energy,2024,7,3,Jul,2024-07,88.024,0.004720492172456958,14082162,0.01897766688897782,5
2024-07-29,Fertilizer,2024,7,3,Jul,2024-07,134.3925,0.0124488469341561,9385448,0.021994718011671584,4
2024-07-29,Technology,2024,7,3,Jul,2024-07,157.1225,0.01671588776729535,9935039,0.0249634360207698,4
2024-07-30,Banking,2024,7,3,Jul,2024-07,131.31799999999998,-0.007068949239329414,2661774,0.024216981123021876,5
2024-07-30,Cement,2024,7,3,Jul,2024-07,292.3275,-0.021670621825963715,10362598,0.014236306813659939,4
2024-07-30,Energy,2024,7,3,Jul,2024-07,87.232,-0.008286413087485279,8006978,0.015834706542772838,5
2024-07-30,Fertilizer,2024,7,3,Jul,2024-07,136.4775,0.012128773909644702,24029821,0.020374132911070778,4
2024-07-30,Technology,2024,7,3,Jul,2024-07,155.4275,-0.015075953028379802,6606290,0.024449086120580284,4
2024-07-31,Banking,2024,7,3,Jul,2024-07,130.062,-0.007572912771234397,6077158,0.0228639398015783,5
2024-07-31,Cement,2024,7,3,Jul,2024-07,285.0375,-0.021946040543229656,5412765,0.014506278538821166,4
2024-07-31,Energy,2024,7,3,Jul,2024-07,86.036,-0.013059911783120538,3982990,0.01569137226147572,5
2024-07-31,Fertilizer,2024,7,3,Jul,2024-07,137.68,0.012790959508900857,17002865,0.02035114774490527,4
2024-07-31,Technology,2024,7,3,Jul,2024-07,151.09,-0.021466325448942197,5408503,0.02474157396355075,4
2024-08-01,Banking,2024,8,3,Aug,2024-08,128.642,-0.011109417967073255,3631263,0.017440422919844274,5
2024-08-01,Cement,2024,8,3,Aug,2024-08,286.64,-0.006020013333862401,8064096,0.014385127822011104,4
2024-08-01,Energy,2024,8,3,Aug,2024-08,85.37199999999999,-0.008474608940937368,3384610,0.015650318669417303,5
2024-08-01,Fertilizer,2024,8,3,Aug,2024-08,138.6625,0.00604729651817007,18376222,0.020312821277893973,4
2024-08-01,Technology,2024,8,3,Aug,2024-08,151.3125,-0.00338617374206443,4141469,0.024638204378519424,4
2024-08-02,Banking,2024,8,3,Aug,2024-08,129.18800000000002,0.00311616814162492,5258374,0.01723714848663333,5
2024-08-02,Cement,2024,8,3,Aug,2024-08,287.405,-0.006273070512424178,20456357,0.0135131408698617,4
2024-08-02,Energy,2024,8,3,Aug,2024-08,86.906,0.018896505271198683,5098504,0.016070616942636277,5
2024-08-02,Fertilizer,2024,8,3,Aug,2024-08,139.03,0.004268859596538749,18598164,0.020072092574610373,4
2024-08-02,Technology,2024,8,3,Aug,2024-08,152.9875,0.008955115238641065,10339519,0.024552527715457052,4
2024-08-05,Banking,2024,8,3,Aug,2024-08,126.758,-0.020545330646283944,4416174,0.017423034996019732,5
2024-08-05,Cement,2024,8,3,Aug,2024-08,282.88,-0.015464470104544326,8926695,0.013787050830622332,4
2024-08-05,Energy,2024,8,3,Aug,2024-08,86.134,-0.004247271512496731,19414158,0.016073111874219764,5
2024-08-05,Fertilizer,2024,8,3,Aug,2024-08,138.33499999999998,-0.0066643317869573004,12984345,0.020198531258703085,4
2024-08-05,Technology,2024,8,3,Aug,2024-08,148.6325,-0.010955791869576736,11287124,0.02508726925097431,4
2024-08-06,Banking,2024,8,3,Aug,2024-08,126.91199999999999,0.002457827902103182,3897307,0.017304318537420156,5
2024-08-06,Cement,2024,8,3,Aug,2024-08,278.3275,-0.01140686900520732,4125875,0.014040614517210061,4
2024-08-06,Energy,2024,8,3,Aug,2024-08,85.698,-0.004913824444182735,8010991,0.016004868236930994,5
2024-08-06,Fertilizer,2024,8,3,Aug,2024-08,139.26500000000001,0.0032740227062370286,9521028,0.01947174142616899,4
2024-08-06,Technology,2024,8,3,Aug,2024-08,150.85,0.021199858808552463,28481738,0.025609477522731544,4
2024-08-07,Banking,2024,8,3,Aug,2024-08,126.48800000000001,-0.0030660785279832403,2695403,0.017281237403524996,5
2024-08-07,Cement,2024,8,3,Aug,2024-08,279.15999999999997,0.003822709703180993,4574452,0.014030230000452533,4
2024-08-07,Energy,2024,8,3,Aug,2024-08,85.236,-0.005537590858091223,10184292,0.015424599011443918,5
2024-08-07,Fertilizer,2024,8,3,Aug,2024-08,139.2575,-0.00315172895383789,7082308,0.018880377349906868,4
2024-08-07,Technology,2024,8,3,Aug,2024-08,151.7875,-0.0020644257949422873,7865602,0.02544403122733958,4
2024-08-08,Banking,2024,8,3,Aug,2024-08,127.138,0.008296709874278019,5586330,0.01726261872076027,5
2024-08-08,Cement,2024,8,3,Aug,2024-08,283.3775,0.01317344615891436,4278432,0.014318967679893636,4
2024-08-08,Energy,2024,8,3,Aug,2024-08,88.358,0.026523562498814757,41076821,0.016859912913906143,5
2024-08-08,Fertilizer,2024,8,3,Aug,2024-08,137.9425,0.0030416825243514967,45717230,0.019944175792774074,4
2024-08-08,Technology,2024,8,3,Aug,2024-08,153.41,0.0008537262374429255,6107112,0.025509958303960918,4
2024-08-09,Banking,2024,8,3,Aug,2024-08,129.586,0.014691645352579963,2519623,0.0171634682218127,5
2024-08-09,Cement,2024,8,3,Aug,2024-08,286.06,0.002682763427615198,3496908,0.014425467720598738,4
2024-08-09,Energy,2024,8,3,Aug,2024-08,88.47,0.0008942841399063095,20803843,0.01692553803850116,5
2024-08-09,Fertilizer,2024,8,3,Aug,2024-08,137.7875,-0.006638872073197688,12541994,0.020076300107210163,4
2024-08-09,Technology,2024,8,3,Aug,2024-08,156.4875,0.021610543997965137,16121878,0.026033067855304716,4
2024-08-12,Banking,2024,8,3,Aug,2024-08,128.728,-0.009786730105076868,1769062,0.01725192800038957,5
2024-08-12,Cement,2024,8,3,Aug,2024-08,280.17,-0.021769953157132288,5143619,0.014639140209189841,4
2024-08-12,Energy,2024,8,3,Aug,2024-08,86.954,-0.016425129276976348,12174470,0.016688664399468155,5
2024-08-12,Fertilizer,2024,8,3,Aug,2024-08,136.675,-0.004697459306569451,7780429,0.02003334204552072,4
2024-08-12,Technology,2024,8,3,Aug,2024-08,153.1175,-0.005447315637783778,20828715,0.026452368929880933,4
2024-08-13,Banking,2024,8,3,Aug,2024-08,128.584,-0.0021616204332592704,1032572,0.01714955459979566,5
2024-08-13,Cement,2024,8,3,Aug,2024-08,281.2775,-0.008596248841902493,5866354,0.01477348239716135,4
2024-08-13,Energy,2024,8,3,Aug,2024-08,86.666,-0.005392181587631861,7114353,0.01635024336968812,5
2024-08-13,Fertilizer,2024,8,3,Aug,2024-08,136.2425,-0.007229229394262127,3516044,0.019003484185440327,4
2024-08-13,Technology,2024,8,3,Aug,2024-08,152.8275,0.009634485475005616,11280576,0.026769811635418573,4
2024-08-15,Banking,2024,8,3,Aug,2024-08,129.11399999999998,0.0026628261314351363,1922187,0.01674241700243776,5
2024-08-15,Cement,2024,8,3,Aug,2024-08,276.05,-0.008112183824350278,3638665,0.01476360713597297,4
2024-08-15,Energy,2024,8,3,Aug,2024-08,86.798,0.005530875056119067,8930215,0.0159732509575414,5
2024-08-15,Fertilizer,2024,8,3,Aug,2024-08,137.92249999999999,0.01724859655811073,9716427,0.01913133053053432,4
2024-08-15,Technology,2024,8,3,Aug,2024-08,153.6475,0.0069016640500539905,26574652,0.026164963474411985,4
2024-08-16,Banking,2024,8,3,Aug,2024-08,127.74600000000001,-0.007087806329690393,1998820,0.016885223798040194,5
2024-08-16,Cement,2024,8,3,Aug,2024-08,281.6825,0.018626658077686875,11926288,0.01521807609975116,4
2024-08-16,Energy,2024,8,3,Aug,2024-08,86.088,-0.00790723297847833,4307594,0.01589978071633025,5
2024-08-16,Fertilizer,2024,8,3,Aug,2024-08,137.585,-0.007466070551333803,4322866,0.0190151839241681,4
2024-08-16,Technology,2024,8,3,Aug,2024-08,151.89749999999998,-0.029425270406698706,12665035,0.02704509038910353,4
2024-08-19,Banking,2024,8,3,Aug,2024-08,127.444,-0.0019441613577234397,1954012,0.016458026353312567,5
2024-08-19,Cement,2024,8,3,Aug,2024-08,278.5275,-0.007212552591717825,3632565,0.015251260865404749,4
2024-08-19,Energy,2024,8,3,Aug,2024-08,85.774,-0.007504146108749854,4099298,0.01599499643009992,5
2024-08-19,Fertilizer,2024,8,3,Aug,2024-08,137.70499999999998,-0.0015611810268490733,7363210,0.019028725527011507,4
2024-08-19,Technology,2024,8,3,Aug,2024-08,150.8875,-0.018840587450152796,6974445,0.027231618228549408,4
2024-08-20,Banking,2024,8,3,Aug,2024-08,127.76400000000001,-0.0008171462533235862,1784690,0.01467890067536276,5
2024-08-20,Cement,2024,8,3,Aug,2024-08,277.4875,-0.002781679446591051,1928222,0.014884826973515942,4
2024-08-20,Energy,2024,8,3,Aug,2024-08,85.978,0.0007959902712175504,3083110,0.015911871373711178,5
2024-08-20,Fertilizer,2024,8,3,Aug,2024-08,137.2975,-0.0025541969516637564,2591142,0.018938627045546746,4
2024-08-20,Technology,2024,8,3,Aug,2024-08,149.465,-0.0033900954495242885,5652856,0.027150887442968813,4
2024-08-21,Banking,2024,8,3,Aug,2024-08,128.276,0.0057691555230152455,1976306,0.014605586150179197,5
2024-08-21,Cement,2024,8,3,Aug,2024-08,278.2375,0.0087116795260882,3618544,0.01450180444666533,4
2024-08-21,Energy,2024,8,3,Aug,2024-08,86.486,0.009958686318425735,6685056,0.01605225824352452,5
2024-08-21,Fertilizer,2024,8,3,Aug,2024-08,138.0525,0.0073158151540160254,3280918,0.0185199658044731,4
2024-08-21,Technology,2024,8,3,Aug,2024-08,150.2525,0.022414890199857457,19172273,0.02768589831865767,4
2024-08-22,Banking,2024,8,3,Aug,2024-08,128.684,0.004239073436029561,1829882,0.014692444501683225,5
2024-08-22,Cement,2024,8,3,Aug,2024-08,282.825,0.026755054114155463,12138329,0.015541717850929677,4
2024-08-22,Energy,2024,8,3,Aug,2024-08,87.414,0.007460696391317434,7866781,0.01604846895889216,5
2024-08-22,Fertilizer,2024,8,3,Aug,2024-08,138.8075,0.015175738442913145,14548084,0.018752847130686284,4
2024-08-22,Technology,2024,8,3,Aug,2024-08,151.1925,0.0010388877597747315,7574178,0.027693421561744834,4
2024-08-23,Banking,2024,8,3,Aug,2024-08,129.536,0.003540997827348402,2227079,0.014699659314141642,5
2024-08-23,Cement,2024,8,3,Aug,2024-08,278.915,-0.013770989970726177,2351767,0.015678444630386982,4
2024-08-23,Energy,2024,8,3,Aug,2024-08,87.662,0.016087592933663707,17898806,0.01700931123381364,5
2024-08-23,Fertilizer,2024,8,3,Aug,2024-08,138.275,-0.0020048982165359053,6073310,0.018726048595841968,4
2024-08-23,Technology,2024,8,3,Aug,2024-08,150.96,-0.002911445632008486,4878385,0.027322889443672664,4
2024-08-26,Banking,2024,8,3,Aug,2024-08,127.628,-0.015652913131880532,4093318,0.014449740990892714,5
2024-08-26,Cement,2024,8,3,Aug,2024-08,276.1675,-0.008333094404290198,1938711,0.01568849436892014,4
2024-08-26,Energy,2024,8,3,Aug,2024-08,87.23400000000001,-0.011874845452592608,3499788,0.01711924888083963,5
2024-08-26,Fertilizer,2024,8,3,Aug,2024-08,136.4075,-0.010780439466091335,3935479,0.017750102951196216,4
2024-08-26,Technology,2024,8,3,Aug,2024-08,150.8575,-0.007984163822514434,2922926,0.027234870605276667,4
2024-08-27,Banking,2024,8,3,Aug,2024-08,127.11200000000001,-0.004229437005202019,1028725,0.01370770652601053,5
2024-08-27,Cement,2024,8,3,Aug,2024-08,273.95,-0.010333656249573164,5007740,0.015211151731621152,4
2024-08-27,Energy,2024,8,3,Aug,2024-08,87.248,-0.0014802571505284413,11045921,0.016953347960979175,5
2024-08-27,Fertilizer,2024,8,3,Aug,2024-08,133.95,-0.010277766242266728,12213573,0.017660154757942928,4
2024-08-27,Technology,2024,8,3,Aug,2024-08,150.88,0.0007851298496499015,4465032,0.026064829174227963,4
2024-08-28,Banking,2024,8,3,Aug,2024-08,126.856,-0.0014459930297615609,1198838,0.013722368687222052,5
2024-08-28,Cement,2024,8,3,Aug,2024-08,272.415,-0.0035190819819626296,2011188,0.01526450433985236,4
2024-08-28,Energy,2024,8,3,Aug,2024-08,86.906,-0.006010895525215232,3741166,0.016983893243073922,5
2024-08-28,Fertilizer,2024,8,3,Aug,2024-08,136.0125,0.015723666492564903,11964836,0.017936462855950963,4
2024-08-28,Technology,2024,8,3,Aug,2024-08,150.6975,-0.005836043114707035,5862549,0.026135697567583098,4
2024-08-29,Banking,2024,8,3,Aug,2024-08,126.53,-0.002485345420324059,3258772,0.013773945410401783,5
2024-08-29,Cement,2024,8,3,Aug,2024-08,272.3225,-0.0008866944435222956,1337772,0.015270051716529785,4
2024-08-29,Energy,2024,8,3,Aug,2024-08,87.354,0.009735812715320447,4391852,0.017184387472060237,5
2024-08-29,Fertilizer,2024,8,3,Aug,2024-08,139.61,0.020201467393089367,7767683,0.018762402613822733,4
2024-08-29,Technology,2024,8,3,Aug,2024-08,149.155,-0.005983522138557712,6928667,0.026185898963092105,4
2024-08-30,Banking,2024,8,3,Aug,2024-08,126.418,-0.00452738579773837,3245160,0.013530715228581135,5
2024-08-30,Cement,2024,8,3,Aug,2024-08,271.6375,-0.009758580048297272,5930747,0.015332716154515777,4
2024-08-30,Energy,2024,8,3,Aug,2024-08,86.86999999999999,-0.005668162228890017,6437903,0.016889283692908902,5
2024-08-30,Fertilizer,2024,8,3,Aug,2024-08,140.575,0.009937288003360134,27004739,0.018246236182908222,4
2024-08-30,Technology,2024,8,3,Aug,2024-08,148.8775,-0.007439369170544524,6823019,0.024061836395018334,4
2024-09-02,Banking,2024,9,3,Sep,2024-09,125.65599999999999,-0.007062731044719372,4673523,0.012844601421717925,5
2024-09-02,Cement,2024,9,3,Sep,2024-09,270.84999999999997,-0.0023727423015883764,3207441,0.015137624633924906,4
2024-09-02,Energy,2024,9,3,Sep,2024-09,87.066,0.0020513847866724167,8414105,0.016100223759803585,5
2024-09-02,Fertilizer,2024,9,3,Sep,2024-09,139.245,-0.0025678582194287314,8038873,0.017488198770548687,4
2024-09-02,Technology,2024,9,3,Sep,2024-09,146.98,-0.012241658717640241,5829784,0.022385239854058554,4
2024-09-03,Banking,2024,9,3,Sep,2024-09,124.878,-0.00950882383654723,2780672,0.01244643011934917,5
2024-09-03,Cement,2024,9,3,Sep,2024-09,271.51,0.009060012386969851,2869496,0.015100312604676092,4
2024-09-03,Energy,2024,9,3,Sep,2024-09,87.63000000000001,0.0018755837908563278,4536082,0.014729891975716466,5
2024-09-03,Fertilizer,2024,9,3,Sep,2024-09,139.1375,-0.001458191700227346,4718439,0.01661125640191701,4
2024-09-03,Technology,2024,9,3,Sep,2024-09,147.0075,0.0008694755378041708,2911394,0.021787879182758232,4
2024-09-04,Banking,2024,9,3,Sep,2024-09,125.898,0.010124220798098094,1107707,0.012483948955635612,5
2024-09-04,Cement,2024,9,3,Sep,2024-09,275.6225,0.014492904913404103,10412951,0.01560966763813548,4
2024-09-04,Energy,2024,9,3,Sep,2024-09,88.71600000000001,0.018963017106735824,21051376,0.015182243470305137,5
2024-09-04,Fertilizer,2024,9,3,Sep,2024-09,140.29749999999999,0.007941679590593886,10973828,0.01621281191280996,4
2024-09-04,Technology,2024,9,3,Sep,2024-09,147.525,0.015801740112658946,11973597,0.02175706180477603,4
2024-09-05,Banking,2024,9,3,Sep,2024-09,127.492,0.006905437998161568,3855099,0.012547955729312962,5
2024-09-05,Cement,2024,9,3,Sep,2024-09,275.815,0.0007507271375453151,7831983,0.015575577784360535,4
2024-09-05,Energy,2024,9,3,Sep,2024-09,88.30600000000001,0.00202157522438724,13159959,0.015333920285224806,5
2024-09-05,Fertilizer,2024,9,3,Sep,2024-09,140.8775,-0.001191055389871326,4027600,0.016213834653024922,4
2024-09-05,Technology,2024,9,3,Sep,2024-09,147.46749999999997,0.0025096059626227574,7046643,0.01984220829580507,4
2024-09-06,Banking,2024,9,3,Sep,2024-09,128.272,0.010154366090318123,2035491,0.012625634624773327,5
2024-09-06,Cement,2024,9,3,Sep,2024-09,276.09000000000003,-0.0018674667046220672,2203903,0.015567632102805162,4
2024-09-06,Energy,2024,9,3,Sep,2024-09,88.126,-0.006425504077008726,3978645,0.015385493577779652,5
2024-09-06,Fertilizer,2024,9,3,Sep,2024-09,140.25,0.0014213637737389428,7856394,0.016184267897897057,4
2024-09-06,Technology,2024,9,3,Sep,2024-09,146.6925,-0.0017621651538020922,7893027,0.01914713680679283,4
2024-09-09,Banking,2024,9,3,Sep,2024-09,126.81199999999998,-0.010735271322755424,2698280,0.012560738987410721,5
2024-09-09,Cement,2024,9,3,Sep,2024-09,279.145,0.008500460479899608,3565057,0.015613422623066465,4
2024-09-09,Energy,2024,9,3,Sep,2024-09,87.744,-0.003373686705307666,6424892,0.014872697514709123,5
2024-09-09,Fertilizer,2024,9,3,Sep,2024-09,139.7425,-0.004784451629097297,5404205,0.016148179320359952,4
2024-09-09,Technology,2024,9,3,Sep,2024-09,146.63,0.0010198270839885393,12999982,0.018822336811099887,4
2024-09-10,Banking,2024,9,3,Sep,2024-09,128.93599999999998,0.019755108707317403,3703259,0.013428383247093492,5
2024-09-10,Cement,2024,9,3,Sep,2024-09,285.31,0.01772588475968409,14828430,0.0150766304117439,4
2024-09-10,Energy,2024,9,3,Sep,2024-09,87.95,-0.0012965004760288723,8586229,0.014740747278865051,5
2024-09-10,Fertilizer,2024,9,3,Sep,2024-09,139.85250000000002,0.005456562716963459,11946102,0.016560764024187397,4
2024-09-10,Technology,2024,9,3,Sep,2024-09,148.59,0.016285666465227916,13457615,0.019193362746747315,4
2024-09-11,Banking,2024,9,3,Sep,2024-09,127.37,-0.013413802183198898,3777745,0.013618955198077895,5
2024-09-11,Cement,2024,9,3,Sep,2024-09,286.1575,-0.00553753389573261,10028774,0.014862130063265037,4
2024-09-11,Energy,2024,9,3,Sep,2024-09,88.018,-0.00032196751948063704,7593610,0.01476757646673591,5
2024-09-11,Fertilizer,2024,9,3,Sep,2024-09,138.6225,-0.00990935105865251,4249295,0.016132748689260776,4
2024-09-11,Technology,2024,9,3,Sep,2024-09,148.10250000000002,-0.00880407794683738,6521400,0.019044876582803592,4
2024-09-12,Banking,2024,9,3,Sep,2024-09,128.4,0.004357731962978018,3321957,0.013561486084336532,5
2024-09-12,Cement,2024,9,3,Sep,2024-09,282.795,0.016157912978743028,19294662,0.015267547120763874,4
2024-09-12,Energy,2024,9,3,Sep,2024-09,89.048,0.015025527731335541,9941045,0.014776266271223765,5
2024-09-12,Fertilizer,2024,9,3,Sep,2024-09,139.8175,0.01440931072601187,6215729,0.016001515675483927,4
2024-09-12,Technology,2024,9,3,Sep,2024-09,148.9425,0.018349886426267337,12389776,0.01886938888022078,4
2024-09-13,Banking,2024,9,3,Sep,2024-09,127.978,8.5019590880564e-05,2102157,0.013178404346169093,5
2024-09-13,Cement,2024,9,3,Sep,2024-09,280.64,-0.01829221945558185,22298622,0.01558883227421814,4
2024-09-13,Energy,2024,9,3,Sep,2024-09,90.362,0.010034861030939979,22425706,0.014779494883658479,5
2024-09-13,Fertilizer,2024,9,3,Sep,2024-09,140.115,0.00027333230892948035,6510742,0.015576969784830592,4
2024-09-13,Technology,2024,9,3,Sep,2024-09,147.775,-0.010574054931754312,16093827,0.019388854814383214,4
2024-09-16,Banking,2024,9,3,Sep,2024-09,127.828,-0.00044312727374800075,1059579,0.013021084598008187,5
2024-09-16,Cement,2024,9,3,Sep,2024-09,278.095,-0.01980845670003953,7998227,0.016073624090779996,4
2024-09-16,Energy,2024,9,3,Sep,2024-09,90.31,-0.00332625252109382,9369636,0.01443543016919777,5
2024-09-16,Fertilizer,2024,9,3,Sep,2024-09,139.5725,-0.0010746283621603236,2367588,0.015546631823044676,4
2024-09-16,Technology,2024,9,3,Sep,2024-09,148.0325,-0.0003731840418483845,5673018,0.0195382361507817,4
2024-09-17,Banking,2024,9,3,Sep,2024-09,127.828,0.0,0,0.012452141736984994,5
2024-09-17,Cement,2024,9,3,Sep,2024-09,278.095,0.0,0,0.015712660959968774,4
2024-09-17,Energy,2024,9,3,Sep,2024-09,90.31,0.0,0,0.014267881770257961,5
2024-09-17,Fertilizer,2024,9,3,Sep,2024-09,139.5725,0.0,0,0.015398890778763047,4
2024-09-17,Technology,2024,9,3,Sep,2024-09,148.0325,0.0,0,0.018684522650908853,4
2024-09-18,Banking,2024,9,3,Sep,2024-09,129.596,0.009233404958623393,2681098,0.012663321441879788,5
2024-09-18,Cement,2024,9,3,Sep,2024-09,280.49,4.566816015952324e-05,6075169,0.015432475329854223,4
2024-09-18,Energy,2024,9,3,Sep,2024-09,91.16600000000001,0.004600523681172053,9742954,0.014365660958549737,5
2024-09-18,Fertilizer,2024,9,3,Sep,2024-09,140.485,0.006877221741846795,7623517,0.015422057023260684,4
2024-09-18,Technology,2024,9,3,Sep,2024-09,150.2,0.031133415719111657,25392668,0.020122692008243674,4
2024-09-19,Banking,2024,9,3,Sep,2024-09,131.872,0.017538611030562156,7481180,0.01321741075197493,5
2024-09-19,Cement,2024,9,3,Sep,2024-09,283.775,0.004507787481386777,5362795,0.015540837782074227,4
2024-09-19,Energy,2024,9,3,Sep,2024-09,92.35,0.010539832932792991,21971646,0.014439253588528104,5
2024-09-19,Fertilizer,2024,9,3,Sep,2024-09,143.7475,0.02568559330385961,27054565,0.01633142389576578,4
2024-09-19,Technology,2024,9,3,Sep,2024-09,148.7425,-0.031205601120004478,21292853,0.02126108022030697,4
2024-09-20,Banking,2024,9,3,Sep,2024-09,136.372,0.033050055875841956,25872883,0.014815302454471019,5
2024-09-20,Cement,2024,9,3,Sep,2024-09,290.895,0.01976203314256758,9275204,0.015819116516233606,4
2024-09-20,Energy,2024,9,3,Sep,2024-09,90.626,-0.017262949308032228,48904917,0.01332654231122668,5
2024-09-20,Fertilizer,2024,9,3,Sep,2024-09,143.8725,-0.010708264803803158,49944602,0.016064450381550126,4
2024-09-20,Technology,2024,9,3,Sep,2024-09,149.75750000000002,0.002762881803351269,11440970,0.021185659522283892,4
2024-09-23,Banking,2024,9,3,Sep,2024-09,138.124,0.004544189079862848,8942473,0.014827722255418624,5
2024-09-23,Cement,2024,9,3,Sep,2024-09,289.1,-0.013624143064094624,7468164,0.015957228031332857,4
2024-09-23,Energy,2024,9,3,Sep,2024-09,89.24799999999999,-0.012213693451245811,27926236,0.013543348581297004,5
2024-09-23,Fertilizer,2024,9,3,Sep,2024-09,147.10750000000002,0.02800669799712313,27222750,0.017040451206991873,4
2024-09-23,Technology,2024,9,3,Sep,2024-09,148.4275,-0.009536141366184414,11931051,0.020607192431297824,4
2024-09-24,Banking,2024,9,3,Sep,2024-09,138.67000000000002,-0.00016439879339573692,6711015,0.015007500052408779,5
2024-09-24,Cement,2024,9,3,Sep,2024-09,287.885,-0.006964746902945934,4506083,0.015506177666362968,4
2024-09-24,Energy,2024,9,3,Sep,2024-09,88.84599999999999,-0.004610744852968929,16203568,0.01331634242188448,5
2024-09-24,Fertilizer,2024,9,3,Sep,2024-09,148.92,0.024127769531720744,24866410,0.01762978401565014,4
2024-09-24,Technology,2024,9,3,Sep,2024-09,147.8925,0.00017927596777406185,8203160,0.019851580793895325,4
2024-09-25,Banking,2024,9,3,Sep,2024-09,141.35,0.01681560818959795,8529825,0.015502525259098834,5
2024-09-25,Cement,2024,9,3,Sep,2024-09,291.635,0.017942315278109855,10284883,0.01567389708683714,4
2024-09-25,Energy,2024,9,3,Sep,2024-09,89.964,0.01113939614559627,20276056,0.013542652320110987,5
2024-09-25,Fertilizer,2024,9,3,Sep,2024-09,148.39499999999998,-0.001086557713065206,15157016,0.017651148074141393,4
2024-09-25,Technology,2024,9,3,Sep,2024-09,148.13750000000002,0.006555786975117467,7251229,0.01939353629505552,4
2024-09-26,Banking,2024,9,3,Sep,2024-09,140.856,0.0015213872060952482,6295812,0.015586651997220294,5
2024-09-26,Cement,2024,9,3,Sep,2024-09,290.19,-0.006522318764627999,6154972,0.015530453609558703,4
2024-09-26,Energy,2024,9,3,Sep,2024-09,89.036,-0.009565634828105107,16411944,0.013592555428824019,5
2024-09-26,Fertilizer,2024,9,3,Sep,2024-09,146.52249999999998,-0.010186554337507564,12166688,0.01784809251207724,4
2024-09-26,Technology,2024,9,3,Sep,2024-09,146.2025,-0.016057855353408895,19709991,0.019236376614065437,4
2024-09-27,Banking,2024,9,3,Sep,2024-09,138.988,-0.01327565223350855,4514714,0.015704740270571713,5
2024-09-27,Cement,2024,9,3,Sep,2024-09,290.91,-0.005090158773363107,3858085,0.015053085529368035,4
2024-09-27,Energy,2024,9,3,Sep,2024-09,88.388,-0.009107165756214198,7089998,0.013670632504011338,5
2024-09-27,Fertilizer,2024,9,3,Sep,2024-09,146.9025,0.011413505834916349,9486774,0.017973714781809324,4
2024-09-27,Technology,2024,9,3,Sep,2024-09,145.2125,-0.019135443221972664,7121578,0.018475103435991992,4
2024-09-30,Banking,2024,9,3,Sep,2024-09,139.044,-0.002053697071275007,3775262,0.015699827687074803,5
2024-09-30,Cement,2024,9,3,Sep,2024-09,288.89,0.0017269746044787926,3830045,0.015166973913933193,4
2024-09-30,Energy,2024,9,3,Sep,2024-09,87.97200000000001,-0.004363267223972844,7018225,0.013483236236034224,5
2024-09-30,Fertilizer,2024,9,3,Sep,2024-09,147.39249999999998,0.015267375586387688,16264363,0.018242983740409308,4
2024-09-30,Technology,2024,9,3,Sep,2024-09,144.29749999999999,-0.019787692591821338,7601868,0.018817407133229016,4
2024-10-01,Banking,2024,10,4,Oct,2024-10,137.792,-0.013681867476284571,3105588,0.01586461374175791,5
2024-10-01,Cement,2024,10,4,Oct,2024-10,291.3125,0.021528454261428076,15422588,0.01581151166913513,4
2024-10-01,Energy,2024,10,4,Oct,2024-10,89.184,0.01292034196523364,11172824,0.01368196910051436,5
2024-10-01,Fertilizer,2024,10,4,Oct,2024-10,147.775,0.0058400382339505175,17917130,0.01828978004487577,4
2024-10-01,Technology,2024,10,4,Oct,2024-10,144.3375,0.0017155586353687913,13075497,0.018755392224991008,4
2024-10-02,Banking,2024,10,4,Oct,2024-10,139.98,0.016213865611469157,5826447,0.015994362703744665,5
2024-10-02,Cement,2024,10,4,Oct,2024-10,290.975,-0.013523834524384687,5357752,0.016240304720702866,4
2024-10-02,Energy,2024,10,4,Oct,2024-10,89.976,0.004007529730783976,10711103,0.013454738867165666,5
2024-10-02,Fertilizer,2024,10,4,Oct,2024-10,149.6425,0.009877024362881098,20348937,0.018394260684824533,4
2024-10-02,Technology,2024,10,4,Oct,2024-10,144.1075,-0.006233596999311447,6762733,0.018005379699013644,4
2024-10-03,Banking,2024,10,4,Oct,2024-10,140.49200000000002,0.009232157680962017,10299504,0.01607008101074205,5
2024-10-03,Cement,2024,10,4,Oct,2024-10,294.385,0.020739791926115803,16711842,0.01586762837845339,4
2024-10-03,Energy,2024,10,4,Oct,2024-10,91.41400000000002,0.012749654691818746,14017613,0.013587845980642166,5
2024-10-03,Fertilizer,2024,10,4,Oct,2024-10,155.13,0.0398303182841136,24779023,0.01945790635696665,4
2024-10-03,Technology,2024,10,4,Oct,2024-10,144.1325,-0.010697840525037139,5435231,0.01807279095738118,4
2024-10-04,Banking,2024,10,4,Oct,2024-10,141.262,0.00702908009424319,3366402,0.01606037633096432,5
2024-10-04,Cement,2024,10,4,Oct,2024-10,302.15999999999997,0.011629182195790039,14111664,0.016099173788235985,4
2024-10-04,Energy,2024,10,4,Oct,2024-10,95.56800000000001,0.036784412408153375,39531954,0.014914946035021063,5
2024-10-04,Fertilizer,2024,10,4,Oct,2024-10,154.2125,-0.009590125390550402,8404083,0.0196933591016773,4
2024-10-04,Technology,2024,10,4,Oct,2024-10,145.4025,0.005419844304971166,2821831,0.018216469162214245,4
2024-10-07,Banking,2024,10,4,Oct,2024-10,142.506,0.010091975433405054,14603989,0.015727110296110024,5
2024-10-07,Cement,2024,10,4,Oct,2024-10,301.815,0.012861024907104723,18281337,0.016344328916181754,4
2024-10-07,Energy,2024,10,4,Oct,2024-10,101.94800000000001,0.060770998156851476,81052176,0.018326485029795538,5
2024-10-07,Fertilizer,2024,10,4,Oct,2024-10,158.1475,0.021501896847026247,13997143,0.019774385737198648,4
2024-10-07,Technology,2024,10,4,Oct,2024-10,146.37,0.006122088834741801,4231594,0.01825056722825696,4
2024-10-08,Banking,2024,10,4,Oct,2024-10,144.962,0.02838554075344748,13184314,0.016909715000026065,5
2024-10-08,Cement,2024,10,4,Oct,2024-10,297.265,0.002855812195319468,19599788,0.01642398829617999,4
2024-10-08,Energy,2024,10,4,Oct,2024-10,103.78800000000001,0.01186363346485766,49197932,0.018380059424196963,5
2024-10-08,Fertilizer,2024,10,4,Oct,2024-10,159.9575,0.01368372105741994,17088127,0.01954691039481707,4
2024-10-08,Technology,2024,10,4,Oct,2024-10,147.115,0.01368436634523873,9968515,0.018607767287730108,4
2024-10-09,Banking,2024,10,4,Oct,2024-10,144.962,0.0,0,0.016867742473235046,5
2024-10-09,Cement,2024,10,4,Oct,2024-10,297.265,0.0,0,0.016330414300644375,4
2024-10-09,Energy,2024,10,4,Oct,2024-10,103.78800000000001,0.0,0,0.018289249936802327,5
2024-10-09,Fertilizer,2024,10,4,Oct,2024-10,159.9575,0.0,0,0.019458459106083854,4
2024-10-09,Technology,2024,10,4,Oct,2024-10,147.115,0.0,0,0.018511472244736926,4
2024-10-10,Banking,2024,10,4,Oct,2024-10,146.328,0.006433419750536707,3706372,0.017204047088291714,5
2024-10-10,Cement,2024,10,4,Oct,2024-10,289.66,-0.010649811383481811,9720925,0.016775138386999015,4
2024-10-10,Energy,2024,10,4,Oct,2024-10,105.248,0.003203224016801154,39622012,0.018669731221990667,5
2024-10-10,Fertilizer,2024,10,4,Oct,2024-10,157.6325,-0.008558454682780492,12687311,0.01893397898900552,4
2024-10-10,Technology,2024,10,4,Oct,2024-10,147.425,-0.006284611774931004,5705786,0.018440325706390273,4
2024-10-11,Banking,2024,10,4,Oct,2024-10,146.276,-0.0033681150427650407,5686501,0.017514775228807893,5
2024-10-11,Cement,2024,10,4,Oct,2024-10,284.17749999999995,0.008296633128723585,20293803,0.01723786071839739,4
2024-10-11,Energy,2024,10,4,Oct,2024-10,107.374,0.016319987307214578,30685459,0.019111286307522495,5
2024-10-11,Fertilizer,2024,10,4,Oct,2024-10,157.595,-0.0046525577977898636,4016140,0.0189834532287216,4
2024-10-11,Technology,2024,10,4,Oct,2024-10,147.16,-0.012937198646250925,3378896,0.01853042985834399,4
2024-10-14,Banking,2024,10,4,Oct,2024-10,146.528,0.003461603766478549,3150981,0.01746052209885317,5
2024-10-14,Cement,2024,10,4,Oct,2024-10,283.08,-0.009426676382420285,10281040,0.017451277232199452,4
2024-10-14,Energy,2024,10,4,Oct,2024-10,106.75999999999999,-0.002678631370301043,16380192,0.0192305913615953,5
2024-10-14,Fertilizer,2024,10,4,Oct,2024-10,158.9425,0.011844356396784772,10679494,0.019055089168249766,4
2024-10-14,Technology,2024,10,4,Oct,2024-10,146.89499999999998,0.0012141009946501635,5348396,0.018443850670593363,4
2024-10-15,Banking,2024,10,4,Oct,2024-10,146.932,0.0024019780366022923,1379505,0.017230356423470015,5
2024-10-15,Cement,2024,10,4,Oct,2024-10,282.325,-0.002490509593725848,9835118,0.017497448653546323,4
2024-10-15,Energy,2024,10,4,Oct,2024-10,106.78399999999999,0.0013416842370265192,17444218,0.019334931802816598,5
2024-10-15,Fertilizer,2024,10,4,Oct,2024-10,158.6775,0.001582964030641093,5146943,0.019063338695265393,4
2024-10-15,Technology,2024,10,4,Oct,2024-10,148.20999999999998,0.010455424025109017,5988550,0.01880540572071925,4
2024-10-16,Banking,2024,10,4,Oct,2024-10,144.94,-0.011918781324622606,3053534,0.01750750711996587,5
2024-10-16,Cement,2024,10,4,Oct,2024-10,281.54749999999996,0.008572565014191597,18486293,0.01757618584514427,4
2024-10-16,Energy,2024,10,4,Oct,2024-10,110.556,0.028849903033365765,29299890,0.019305754111468214,5
2024-10-16,Fertilizer,2024,10,4,Oct,2024-10,158.07,-0.002186492237051696,3698281,0.01910991425281685,4
2024-10-16,Technology,2024,10,4,Oct,2024-10,147.7125,-0.002532632776064414,9802052,0.01829552467190785,4
2024-10-17,Banking,2024,10,4,Oct,2024-10,143.01600000000002,-0.012733077223513778,3148657,0.01765908570502254,5
2024-10-17,Cement,2024,10,4,Oct,2024-10,281.115,-0.0029681306443951894,13698763,0.01767229906689611,4
2024-10-17,Energy,2024,10,4,Oct,2024-10,109.522,-0.00706741173700054,12611012,0.01911819970661968,5
2024-10-17,Fertilizer,2024,10,4,Oct,2024-10,157.135,-0.005456616188446756,2194968,0.019095568257652205,4
2024-10-17,Technology,2024,10,4,Oct,2024-10,148.065,0.004623235855751723,6195763,0.018278440227459874,4
2024-10-18,Banking,2024,10,4,Oct,2024-10,142.95,0.002595326592649605,2579164,0.017614271864334168,5
2024-10-18,Cement,2024,10,4,Oct,2024-10,279.58,-0.010799550642385497,4787000,0.017823436371553366,4
2024-10-18,Energy,2024,10,4,Oct,2024-10,107.31800000000001,-0.017015888682167458,9709922,0.019464420589366004,5
2024-10-18,Fertilizer,2024,10,4,Oct,2024-10,155.3275,-0.00850065226665836,3654375,0.01929471419383126,4
2024-10-18,Technology,2024,10,4,Oct,2024-10,147.3025,-0.00934911614190237,2472641,0.01819355095835635,4
2024-10-21,Banking,2024,10,4,Oct,2024-10,143.682,0.0033932064291857245,4005929,0.017345571397434312,5
2024-10-21,Cement,2024,10,4,Oct,2024-10,282.75,0.016998630930412095,7771606,0.01800783093677362,4
2024-10-21,Energy,2024,10,4,Oct,2024-10,108.314,0.007799514592411239,9640028,0.019395607125981887,5
2024-10-21,Fertilizer,2024,10,4,Oct,2024-10,156.3075,0.006783475077250772,5403598,0.019194008756825708,4
2024-10-21,Technology,2024,10,4,Oct,2024-10,147.735,0.006071875612159161,5430530,0.01813335639087315,4
2024-10-22,Banking,2024,10,4,Oct,2024-10,143.756,0.001283203014165557,1982419,0.01677213919239793,5
2024-10-22,Cement,2024,10,4,Oct,2024-10,291.02750000000003,0.024921157998259003,10622489,0.01872103396203427,4
2024-10-22,Energy,2024,10,4,Oct,2024-10,107.80199999999999,0.0011781405882286267,12421547,0.019540652354923155,5
2024-10-22,Fertilizer,2024,10,4,Oct,2024-10,156.1825,-0.005786838877066353,2584324,0.018903986866786803,4
2024-10-22,Technology,2024,10,4,Oct,2024-10,155.8325,0.023702235279889905,6931877,0.01964347442704543,4
2024-10-23,Banking,2024,10,4,Oct,2024-10,143.3,0.0005373433832283503,7206851,0.0166593409537788,5
2024-10-23,Cement,2024,10,4,Oct,2024-10,294.9,0.033234784485379865,19003216,0.019905622066489333,4
2024-10-23,Energy,2024,10,4,Oct,2024-10,108.402,0.026466368553719755,27860425,0.021588434413105238,5
2024-10-23,Fertilizer,2024,10,4,Oct,2024-10,158.675,0.01934394341958892,14288647,0.01909252503522521,4
2024-10-23,Technology,2024,10,4,Oct,2024-10,158.9075,0.027329813331657182,23403006,0.02074490301353593,4
2024-10-24,Banking,2024,10,4,Oct,2024-10,147.572,0.020323901069437288,15396821,0.017267094359231672,5
2024-10-24,Cement,2024,10,4,Oct,2024-10,303.915,0.020709785773457196,31658605,0.019956828436643342,4
2024-10-24,Energy,2024,10,4,Oct,2024-10,112.38,0.04530374946435445,39819610,0.0230884476229772,5
2024-10-24,Fertilizer,2024,10,4,Oct,2024-10,164.635,0.04512297640752844,22832313,0.02019310578538569,4
2024-10-24,Technology,2024,10,4,Oct,2024-10,158.04,0.019724266434144516,39504935,0.02149217384582948,4
2024-10-25,Banking,2024,10,4,Oct,2024-10,150.346,0.012918648891093575,6026290,0.01741576247234737,5
2024-10-25,Cement,2024,10,4,Oct,2024-10,312.6775,0.0254348292151155,31786020,0.020203881062355045,4
2024-10-25,Energy,2024,10,4,Oct,2024-10,116.924,0.04126365565421506,103006687,0.024866773536894447,5
2024-10-25,Fertilizer,2024,10,4,Oct,2024-10,168.125,0.0258233910475682,15424179,0.02039645152627112,4
2024-10-25,Technology,2024,10,4,Oct,2024-10,156.2825,-0.026481491873788843,19327813,0.021684820238447297,4
2024-10-28,Banking,2024,10,4,Oct,2024-10,150.922,0.004101369989060433,5701252,0.017502937456476925,5
2024-10-28,Cement,2024,10,4,Oct,2024-10,316.335,0.00811985422712233,10881423,0.019605794977801332,4
2024-10-28,Energy,2024,10,4,Oct,2024-10,119.76199999999999,0.034056830485600306,75081465,0.02556535986667486,5
2024-10-28,Fertilizer,2024,10,4,Oct,2024-10,166.38,-0.00796874373673212,14860790,0.020598206273188435,4
2024-10-28,Technology,2024,10,4,Oct,2024-10,161.20749999999998,0.012855872245323918,11386633,0.02189654439704047,4
2024-10-29,Banking,2024,10,4,Oct,2024-10,151.83800000000002,0.004124519929952952,4668018,0.01752930144927352,5
2024-10-29,Cement,2024,10,4,Oct,2024-10,323.0675,0.03585262735216449,24512491,0.020740814032769367,4
2024-10-29,Energy,2024,10,4,Oct,2024-10,119.426,0.006990727303085187,50092049,0.025702235436577753,5
2024-10-29,Fertilizer,2024,10,4,Oct,2024-10,168.91,0.02458973479285112,18130432,0.020935323033210745,4
2024-10-29,Technology,2024,10,4,Oct,2024-10,166.0375,0.006827061095913106,19642439,0.022766848178757286,4
2024-10-30,Banking,2024,10,4,Oct,2024-10,151.864,0.0040434701685725825,2936997,0.018272215294078388,5
2024-10-30,Cement,2024,10,4,Oct,2024-10,316.8125,-0.01889588308945514,14181561,0.02116592748610792,4
2024-10-30,Energy,2024,10,4,Oct,2024-10,117.94800000000001,-0.015569698320066872,51292539,0.026261779220042657,5
2024-10-30,Fertilizer,2024,10,4,Oct,2024-10,166.72500000000002,-0.012449428411164226,11961051,0.021292630665375997,4
2024-10-30,Technology,2024,10,4,Oct,2024-10,170.3825,0.006096603044422888,12951384,0.0216347653492079,4
2024-10-31,Banking,2024,10,4,Oct,2024-10,148.18,-0.023578297315661367,5641242,0.01886224869753483,5
2024-10-31,Cement,2024,10,4,Oct,2024-10,310.95,-0.017681740028957865,15229105,0.021524411962131854,4
2024-10-31,Energy,2024,10,4,Oct,2024-10,116.832,-0.013276638925266471,30420109,0.02651569391075036,5
2024-10-31,Fertilizer,2024,10,4,Oct,2024-10,163.525,-0.014950009535085046,6052388,0.021506865555152133,4
2024-10-31,Technology,2024,10,4,Oct,2024-10,167.2975,0.006319716122352437,28688408,0.021295238710322514,4
2024-11-01,Banking,2024,11,4,Nov,2024-11,152.772,0.027311604775225807,3675632,0.0182719603666024,5
2024-11-01,Cement,2024,11,4,Nov,2024-11,326.6375,0.04776789251822722,8841653,0.022641666161534117,4
2024-11-01,Energy,2024,11,4,Nov,2024-11,124.346,0.071937383525976,78561446,0.028476642972068245,5
2024-11-01,Fertilizer,2024,11,4,Nov,2024-11,165.495,0.009476121963063022,3555963,0.020311007886443876,4
2024-11-01,Technology,2024,11,4,Nov,2024-11,169.7425,-0.0004246542006944021,9116756,0.021313570972074647,4
2024-11-04,Banking,2024,11,4,Nov,2024-11,151.76399999999998,-0.005206337593375276,2807589,0.018225189061296145,5
2024-11-04,Cement,2024,11,4,Nov,2024-11,342.885,0.05741564062517224,50653059,0.024161954055686198,4
2024-11-04,Energy,2024,11,4,Nov,2024-11,125.376,0.025277028616208085,57952930,0.028843745342287806,5
2024-11-04,Fertilizer,2024,11,4,Nov,2024-11,167.3775,0.0071642415963026895,7408775,0.019968692923568693,4
2024-11-04,Technology,2024,11,4,Nov,2024-11,182.085,0.03531587229716085,20483568,0.02275478723155178,4
2024-11-05,Banking,2024,11,4,Nov,2024-11,151.554,-0.000834749539497337,4945214,0.01786997135340007,5
2024-11-05,Cement,2024,11,4,Nov,2024-11,347.95,-0.0010287205541992528,37852032,0.024404495583542355,4
2024-11-05,Energy,2024,11,4,Nov,2024-11,125.47200000000001,0.019196870687112955,91389026,0.029158492079539706,5
2024-11-05,Fertilizer,2024,11,4,Nov,2024-11,168.2525,0.006727635316881253,5513959,0.01949664366849544,4
2024-11-05,Technology,2024,11,4,Nov,2024-11,183.7675,0.0006223799482093784,6653437,0.02270078962260212,4
2024-11-06,Banking,2024,11,4,Nov,2024-11,150.4,-0.00620417370408941,1768003,0.01769805859026225,5
2024-11-06,Cement,2024,11,4,Nov,2024-11,352.7375,0.010837504693942429,24116806,0.024356206206443083,4
2024-11-06,Energy,2024,11,4,Nov,2024-11,124.28,-0.005101526565120329,62281544,0.029320900545459126,5
2024-11-06,Fertilizer,2024,11,4,Nov,2024-11,167.9,-0.005126965195288852,5406195,0.019412761544529183,4
2024-11-06,Technology,2024,11,4,Nov,2024-11,177.18749999999997,-0.012672040030287074,15101878,0.023117401444043856,4
2024-11-07,Banking,2024,11,4,Nov,2024-11,150.448,-0.002545788147326178,2981492,0.017650242648494702,5
2024-11-07,Cement,2024,11,4,Nov,2024-11,354.6425,-0.006454213848628376,13847129,0.02448044085977076,4
2024-11-07,Energy,2024,11,4,Nov,2024-11,125.096,0.0043357962496388455,29369109,0.029186746039724855,5
2024-11-07,Fertilizer,2024,11,4,Nov,2024-11,171.23499999999999,0.010403684337294494,6686622,0.019609114126172507,4
2024-11-07,Technology,2024,11,4,Nov,2024-11,175.6425,0.010519551885796702,22256740,0.023290955905644617,4
2024-11-08,Banking,2024,11,4,Nov,2024-11,149.716,-0.001659814699872464,2931410,0.017385921443942527,5
2024-11-08,Cement,2024,11,4,Nov,2024-11,350.2375,0.0004862451659073397,14250431,0.02456465497991743,4
2024-11-08,Energy,2024,11,4,Nov,2024-11,129.87,0.0288127424518664,43361603,0.029239981370200542,5
2024-11-08,Fertilizer,2024,11,4,Nov,2024-11,172.41,0.008137783639564244,4437652,0.01941288736797363,4
2024-11-08,Technology,2024,11,4,Nov,2024-11,175.63750000000002,-0.003016911266758182,9815659,0.022891927243604886,4
2024-11-11,Banking,2024,11,4,Nov,2024-11,149.404,-0.003474628005292546,2308395,0.017378141961055037,5
2024-11-11,Cement,2024,11,4,Nov,2024-11,346.8775,-0.008562224765854443,13604500,0.024690062552738732,4
2024-11-11,Energy,2024,11,4,Nov,2024-11,133.03199999999998,0.03959435173383312,61971546,0.02955005019289708,5
2024-11-11,Fertilizer,2024,11,4,Nov,2024-11,170.5225,-0.011596046850521124,4388967,0.01935193661800951,4
2024-11-11,Technology,2024,11,4,Nov,2024-11,177.405,0.015607574699290527,24384419,0.0221830271166201,4
2024-11-12,Banking,2024,11,4,Nov,2024-11,148.91,-0.0058369886646648435,1634217,0.01705632320148829,5
2024-11-12,Cement,2024,11,4,Nov,2024-11,345.3175,-0.010706130310470269,6684210,0.02459902103400706,4
2024-11-12,Energy,2024,11,4,Nov,2024-11,132.00799999999998,0.013899098728089277,74999725,0.030204710111366162,5
2024-11-12,Fertilizer,2024,11,4,Nov,2024-11,168.945,-0.005807586383671626,3016949,0.019294978906286564,4
2024-11-12,Technology,2024,11,4,Nov,2024-11,175.4125,-0.005207022050923299,21975705,0.022214774434621085,4
2024-11-13,Banking,2024,11,4,Nov,2024-11,148.826,-0.0005882288520109968,2761407,0.016856974238488594,5
2024-11-13,Cement,2024,11,4,Nov,2024-11,353.3675,0.009868360497529594,5931495,0.024319119343520754,4
2024-11-13,Energy,2024,11,4,Nov,2024-11,131.762,0.019285404544973385,58989179,0.030673787500683447,5
2024-11-13,Fertilizer,2024,11,4,Nov,2024-11,169.34,-0.0013718089432724345,4089101,0.01934562879171042,4
2024-11-13,Technology,2024,11,4,Nov,2024-11,175.0275,0.011013751826233792,25757843,0.022538151423187477,4
2024-11-14,Banking,2024,11,4,Nov,2024-11,151.792,0.016187892679515016,6854497,0.017104001357320923,5
2024-11-14,Cement,2024,11,4,Nov,2024-11,357.77,-0.005548422880281234,11446318,0.024507687313043622,4
2024-11-14,Energy,2024,11,4,Nov,2024-11,133.74200000000002,0.02834726909773182,67422371,0.030937563940999658,5
2024-11-14,Fertilizer,2024,11,4,Nov,2024-11,169.01999999999998,-0.003473924475200424,2457773,0.017881445443877615,4
2024-11-14,Technology,2024,11,4,Nov,2024-11,174.835,0.030883100328771063,48115781,0.023784997825105562,4
2024-11-15,Banking,2024,11,4,Nov,2024-11,154.07,0.012570971616770232,7037611,0.017209717626134952,5
2024-11-15,Cement,2024,11,4,Nov,2024-11,358.195,-0.001355085544085366,10665297,0.0242694127755939,4
2024-11-15,Energy,2024,11,4,Nov,2024-11,135.26,0.016193983556996815,62144167,0.0303707423008387,5
2024-11-15,Fertilizer,2024,11,4,Nov,2024-11,169.6925,0.006454985922433321,2517632,0.017683544725929406,4
2024-11-15,Technology,2024,11,4,Nov,2024-11,176.405,0.009171535436712758,39355414,0.024615377222327983,4
2024-11-18,Banking,2024,11,4,Nov,2024-11,153.744,0.0022635710553030376,4350047,0.01727613744064596,5
2024-11-18,Cement,2024,11,4,Nov,2024-11,361.26000000000005,0.0007903496753979833,3255519,0.024039450464583376,4
2024-11-18,Energy,2024,11,4,Nov,2024-11,136.424,0.016771036404903072,74669781,0.028557320134013263,5
2024-11-18,Fertilizer,2024,11,4,Nov,2024-11,171.5375,0.011205171814858889,6008184,0.01744903463221959,4
2024-11-18,Technology,2024,11,4,Nov,2024-11,174.61499999999998,-0.00911439645100992,21632976,0.02469171666420317,4
2024-11-19,Banking,2024,11,4,Nov,2024-11,154.98200000000003,0.005123487321542264,4108793,0.015624043140540772,5
2024-11-19,Cement,2024,11,4,Nov,2024-11,358.59749999999997,-0.0019796248256766236,5777390,0.023874281569019856,4
2024-11-19,Energy,2024,11,4,Nov,2024-11,138.426,0.008349114097774946,45255862,0.028497331923761877,5
2024-11-19,Fertilizer,2024,11,4,Nov,2024-11,171.3075,-2.4975471633298385e-05,7442456,0.01726265327259772,4
2024-11-19,Technology,2024,11,4,Nov,2024-11,185.73250000000002,0.03524301361042792,23424612,0.02556379726367336,4
2024-11-20,Banking,2024,11,4,Nov,2024-11,153.596,-0.01061895805970563,6244270,0.015865853660754946,5
2024-11-20,Cement,2024,11,4,Nov,2024-11,354.49,-0.00965479509955433,8169729,0.02413064932385038,4
2024-11-20,Energy,2024,11,4,Nov,2024-11,136.246,-0.023013588198545244,49528883,0.029393970920201167,5
2024-11-20,Fertilizer,2024,11,4,Nov,2024-11,173.8775,0.01619113180285231,9729481,0.0175521205019859,4
2024-11-20,Technology,2024,11,4,Nov,2024-11,180.0775,-0.002792760477170725,62531981,0.02616726378453131,4
2024-11-21,Banking,2024,11,4,Nov,2024-11,154.232,0.0036130865855203533,4360965,0.01542574509349134,5
2024-11-21,Cement,2024,11,4,Nov,2024-11,357.99,0.005323426108389512,7103723,0.02376965598096563,4
2024-11-21,Energy,2024,11,4,Nov,2024-11,138.858,0.003249191336734536,43398640,0.029471175634505763,5
2024-11-21,Fertilizer,2024,11,4,Nov,2024-11,186.39749999999998,0.08247194799756047,27323623,0.02266285214528148,4
2024-11-21,Technology,2024,11,4,Nov,2024-11,179.165,-0.002057467292735621,32409912,0.026106330786011014,4
2024-11-22,Banking,2024,11,4,Nov,2024-11,160.98,0.05670335630276231,36095774,0.019096858586633632,5
2024-11-22,Cement,2024,11,4,Nov,2024-11,351.04499999999996,-0.028012000372732382,13483131,0.024115452462492224,4
2024-11-22,Energy,2024,11,4,Nov,2024-11,137.128,-0.031744426782224486,63470564,0.03070378326947295,5
2024-11-22,Fertilizer,2024,11,4,Nov,2024-11,185.6375,-0.016853361087660473,18192964,0.02342023145809105,4
2024-11-22,Technology,2024,11,4,Nov,2024-11,174.53,-0.03783718463939373,31173549,0.02716166879552907,4
2024-11-25,Banking,2024,11,4,Nov,2024-11,164.33800000000002,0.01873870726921032,14557220,0.019271981713610352,5
2024-11-25,Cement,2024,11,4,Nov,2024-11,343.9575,-0.003184608440512021,8674362,0.024114690521309875,4
2024-11-25,Energy,2024,11,4,Nov,2024-11,138.056,0.022176179943340778,44872922,0.03085378877756,5
2024-11-25,Fertilizer,2024,11,4,Nov,2024-11,182.4125,-0.00963988769808466,6410907,0.02374253155188187,4
2024-11-25,Technology,2024,11,4,Nov,2024-11,179.05,0.015942128867607486,23221939,0.028325147214429695,4
2024-11-26,Banking,2024,11,4,Nov,2024-11,166.05599999999998,0.018549339453826176,34121556,0.019684344127633875,5
2024-11-26,Cement,2024,11,4,Nov,2024-11,325.01,-0.05934408398508159,13330782,0.026845908362091747,4
2024-11-26,Energy,2024,11,4,Nov,2024-11,129.798,-0.06526374625513934,80808777,0.034116444403426247,5
2024-11-26,Fertilizer,2024,11,4,Nov,2024-11,174.29500000000002,-0.05058071827184468,8748667,0.025904631150931674,4
2024-11-26,Technology,2024,11,4,Nov,2024-11,173.905,-0.03679981537966173,32210082,0.02939854390612867,4
2024-11-27,Banking,2024,11,4,Nov,2024-11,173.906,0.05955541391995487,24129989,0.02220883418031753,5
2024-11-27,Cement,2024,11,4,Nov,2024-11,343.4325,0.06824091872555305,14723226,0.02920873767815629,4
2024-11-27,Energy,2024,11,4,Nov,2024-11,139.296,0.075157698824219,59492695,0.03588980004599004,5
2024-11-27,Fertilizer,2024,11,4,Nov,2024-11,184.3,0.0740656324710608,11659036,0.029118721237849008,4
2024-11-27,Technology,2024,11,4,Nov,2024-11,184.73749999999998,0.04362922135903391,18804962,0.030357289503761188,4
2024-11-28,Banking,2024,11,4,Nov,2024-11,171.718,-0.003944031506385825,14572081,0.02339502107908613,5
2024-11-28,Cement,2024,11,4,Nov,2024-11,353.38,0.036311213100368445,26684724,0.029685723542696982,4
2024-11-28,Energy,2024,11,4,Nov,2024-11,144.04000000000002,0.03701589737817294,72339601,0.03637640579359337,5
2024-11-28,Fertilizer,2024,11,4,Nov,2024-11,184.8675,0.003563615837643197,8780734,0.029087152357370343,4
2024-11-28,Technology,2024,11,4,Nov,2024-11,188.86,0.04263473703979026,36409758,0.031388386697366946,4
2024-11-29,Banking,2024,11,4,Nov,2024-11,174.882,0.02345996193773936,7105896,0.023616523653771856,5
2024-11-29,Cement,2024,11,4,Nov,2024-11,352.9025,-0.004083565644983744,9500256,0.029590183311888167,4
2024-11-29,Energy,2024,11,4,Nov,2024-11,146.14600000000002,0.03038711049574556,77137130,0.0361186895109592,5
2024-11-29,Fertilizer,2024,11,4,Nov,2024-11,187.365,0.01344459747527979,9977159,0.029009374991691636,4
2024-11-29,Technology,2024,11,4,Nov,2024-11,189.05999999999997,-0.011690259603518355,20059877,0.03144611102859617,4
2024-12-02,Banking,2024,12,4,Dec,2024-12,177.536,0.017864895343435938,7848008,0.023770475742150726,5
2024-12-02,Cement,2024,12,4,Dec,2024-12,364.3,0.05534985453705177,42080001,0.031028595180669402,4
2024-12-02,Energy,2024,12,4,Dec,2024-12,146.058,0.009206199661164982,113631348,0.0362427116834924,5
2024-12-02,Fertilizer,2024,12,4,Dec,2024-12,195.01999999999998,0.029525677699407837,10102352,0.029819983969058127,4
2024-12-02,Technology,2024,12,4,Dec,2024-12,191.98499999999999,0.025104164897393366,30798126,0.031715901268664165,4
2024-12-03,Banking,2024,12,4,Dec,2024-12,178.334,0.004806061559707109,8039118,0.023890416548092708,5
2024-12-03,Cement,2024,12,4,Dec,2024-12,368.95,0.017396271716623446,45348210,0.031154390973528397,4
2024-12-03,Energy,2024,12,4,Dec,2024-12,148.324,0.02447846870601391,86673651,0.036320759168659233,5
2024-12-03,Fertilizer,2024,12,4,Dec,2024-12,201.8125,0.02381762821272565,10936448,0.030123988742606828,4
2024-12-03,Technology,2024,12,4,Dec,2024-12,192.505,0.013443697898360946,37837343,0.03174471985844349,4
2024-12-04,Banking,2024,12,4,Dec,2024-12,177.49,-0.0034154885355870412,6821508,0.023894071488774933,5
2024-12-04,Cement,2024,12,4,Dec,2024-12,371.055,0.0015505042044614559,22230183,0.03054936253600946,4
2024-12-04,Energy,2024,12,4,Dec,2024-12,150.204,0.012398677142868086,61512546,0.03606228422139975,5
2024-12-04,Fertilizer,2024,12,4,Dec,2024-12,201.2725,-0.0004708300427710421,6306080,0.029803618909294158,4
2024-12-04,Technology,2024,12,4,Dec,2024-12,192.2425,0.002073319497621351,42918853,0.03133348396928999,4
2024-12-05,Banking,2024,12,4,Dec,2024-12,182.10999999999999,0.018787443195674713,12629016,0.023822783678308902,5
2024-12-05,Cement,2024,12,4,Dec,2024-12,389.15999999999997,0.05146405690606198,30090919,0.03136237373539866,4
2024-12-05,Energy,2024,12,4,Dec,2024-12,154.108,0.042146388015158374,124412346,0.03606329700537406,5
2024-12-05,Fertilizer,2024,12,4,Dec,2024-12,204.3,0.027408422168359342,16929374,0.029285363000601326,4
2024-12-05,Technology,2024,12,4,Dec,2024-12,198.2125,0.014633156701090444,39600946,0.031122699689031034,4
2024-12-06,Banking,2024,12,4,Dec,2024-12,184.526,0.0056854680699967245,20361438,0.023937856443600386,5
2024-12-06,Cement,2024,12,4,Dec,2024-12,384.0725,-0.023889389606133737,14537916,0.03150028356946902,4
2024-12-06,Energy,2024,12,4,Dec,2024-12,152.356,0.002766077073467077,54172839,0.03535079667594805,5
2024-12-06,Fertilizer,2024,12,4,Dec,2024-12,212.2075,0.018464834768124744,10362228,0.030173953395251994,4
2024-12-06,Technology,2024,12,4,Dec,2024-12,197.235,0.020086822250714287,73108060,0.03077024437488585,4
2024-12-09,Banking,2024,12,4,Dec,2024-12,178.01399999999998,-0.04018503153078314,14679242,0.02543374190972402,5
2024-12-09,Cement,2024,12,4,Dec,2024-12,401.0199999999999,0.05491973006365186,36898200,0.03319391214385181,4
2024-12-09,Energy,2024,12,4,Dec,2024-12,153.444,0.0014692185412680913,52501175,0.035222657518578886,5
2024-12-09,Fertilizer,2024,12,4,Dec,2024-12,214.76,0.0019145122859884345,8783538,0.030130945532565165,4
2024-12-09,Technology,2024,12,4,Dec,2024-12,206.07999999999998,0.055047014184842924,71582117,0.03262804107196015,4
2024-12-10,Banking,2024,12,4,Dec,2024-12,172.984,-0.027752736439867844,9066402,0.026227204527419883,5
2024-12-10,Cement,2024,12,4,Dec,2024-12,411.02,0.007293346492974029,38324707,0.03257034113967362,4
2024-12-10,Energy,2024,12,4,Dec,2024-12,149.206,-0.04394780507764724,62378029,0.03692258838426143,5
2024-12-10,Fertilizer,2024,12,4,Dec,2024-12,213.62,0.006570575234859238,15641586,0.029973201263998907,4
2024-12-10,Technology,2024,12,4,Dec,2024-12,205.045,-0.02405609260054936,93362005,0.03331975534410468,4
2024-12-11,Banking,2024,12,4,Dec,2024-12,173.924,0.0036178812500996084,5167090,0.025832417850607702,5
2024-12-11,Cement,2024,12,4,Dec,2024-12,416.315,0.015304217904634432,16846905,0.032198867969349246,4
2024-12-11,Energy,2024,12,4,Dec,2024-12,157.602,0.06911812290129182,95728356,0.03789651328881298,5
2024-12-11,Fertilizer,2024,12,4,Dec,2024-12,215.97500000000002,0.00609733226574008,5332324,0.02975385571385626,4
2024-12-11,Technology,2024,12,4,Dec,2024-12,206.66,0.016197901497173706,32728788,0.03317423952055618,4
2024-12-12,Banking,2024,12,4,Dec,2024-12,174.798,0.00936824710442825,9192494,0.025253698207119014,5
2024-12-12,Cement,2024,12,4,Dec,2024-12,415.555,-0.005510864473272981,20332654,0.032002349266594496,4
2024-12-12,Energy,2024,12,4,Dec,2024-12,169.704,0.07133553835913471,105432267,0.03950503301847176,5
2024-12-12,Fertilizer,2024,12,4,Dec,2024-12,231.0825,0.07018782485214503,19826092,0.031741252884176785,4
2024-12-12,Technology,2024,12,4,Dec,2024-12,213.95499999999998,0.017319278579871783,29871266,0.03300561746403097,4
2024-12-13,Banking,2024,12,4,Dec,2024-12,168.43,-0.04080760848452247,11572985,0.026427453574259508,5
2024-12-13,Cement,2024,12,4,Dec,2024-12,423.07250000000005,-0.001830937681565864,14287670,0.03120244261536872,4
2024-12-13,Energy,2024,12,4,Dec,2024-12,175.85399999999998,0.01582015866441335,67542264,0.03883760780857427,5
2024-12-13,Fertilizer,2024,12,4,Dec,2024-12,233.145,0.016670624807903572,12794966,0.032050918427389635,4
2024-12-13,Technology,2024,12,4,Dec,2024-12,212.335,-0.01015308318821223,26951424,0.03315503091434391,4
2024-12-16,Banking,2024,12,4,Dec,2024-12,165.802,-0.015534198663205268,9137588,0.026549251280051277,5
2024-12-16,Cement,2024,12,4,Dec,2024-12,419.115,0.009426378944346836,29897772,0.029766474114629293,4
2024-12-16,Energy,2024,12,4,Dec,2024-12,185.736,0.06068478283218903,95241639,0.03932522216797707,5
2024-12-16,Fertilizer,2024,12,4,Dec,2024-12,236.7725,0.016747090338795928,9898688,0.032334366223003855,4
2024-12-16,Technology,2024,12,4,Dec,2024-12,211.325,-0.004136974083450484,34708835,0.032215741112344064,4
2024-12-17,Banking,2024,12,4,Dec,2024-12,172.7,0.04127884341563441,7707594,0.027468552907468403,5
2024-12-17,Cement,2024,12,4,Dec,2024-12,401.435,-0.044460338431834945,19721578,0.031113461518599,4
2024-12-17,Energy,2024,12,4,Dec,2024-12,180.578,-0.016867166650563516,82928291,0.03973852567848346,5
2024-12-17,Fertilizer,2024,12,4,Dec,2024-12,229.4475,-0.03693288858914415,8355328,0.03360707152393755,4
2024-12-17,Technology,2024,12,4,Dec,2024-12,206.17999999999998,-0.019106513289045418,18543353,0.03254174152339921,4
2024-12-18,Banking,2024,12,4,Dec,2024-12,169.63600000000002,-0.01964515491819101,5722070,0.02776715762932256,5
2024-12-18,Cement,2024,12,4,Dec,2024-12,386.0175,-0.0390517525300495,16507585,0.03206889155443968,4
2024-12-18,Energy,2024,12,4,Dec,2024-12,182.53,0.0062473905407804285,99334075,0.040004413167605654,5
2024-12-18,Fertilizer,2024,12,4,Dec,2024-12,219.4625,-0.044955433920548404,7813467,0.035013313459720086,4
2024-12-18,Technology,2024,12,4,Dec,2024-12,197.71749999999997,-0.03864884545949862,23727374,0.033335369814063015,4
2024-12-19,Banking,2024,12,4,Dec,2024-12,162.898,-0.037657033097296864,8140889,0.028984043621234225,5
2024-12-19,Cement,2024,12,4,Dec,2024-12,365.83,-0.06334792134403275,21975372,0.03419559674645328,4
2024-12-19,Energy,2024,12,4,Dec,2024-12,175.608,-0.02897670766151461,85735744,0.04110729840589965,5
2024-12-19,Fertilizer,2024,12,4,Dec,2024-12,211.195,-0.041401741818339804,16789666,0.036109082937275334,4
2024-12-19,Technology,2024,12,4,Dec,2024-12,186.8725,-0.0728988646666403,25740999,0.03616524463364191,4
2024-12-20,Banking,2024,12,4,Dec,2024-12,168.226,0.03390224035305249,4038645,0.02973835761127692,5
2024-12-20,Cement,2024,12,4,Dec,2024-12,379.32000000000005,0.05602505009262421,13800991,0.03581352523036143,4
2024-12-20,Energy,2024,12,4,Dec,2024-12,180.15,0.015638957942009424,70905542,0.04095800980370731,5
2024-12-20,Fertilizer,2024,12,4,Dec,2024-12,219.005,0.05167945912692923,13773853,0.03720620983028872,4
2024-12-20,Technology,2024,12,4,Dec,2024-12,199.85,0.041530860811526016,14358603,0.03729027255975617,4
2024-12-23,Banking,2024,12,4,Dec,2024-12,172.904,0.029588652834913676,7265044,0.030045756592131455,5
2024-12-23,Cement,2024,12,4,Dec,2024-12,385.22749999999996,0.01601497611902164,18743495,0.03599557479893684,4
2024-12-23,Energy,2024,12,4,Dec,2024-12,194.302,0.06178921764364147,80146326,0.04230908794954624,5
2024-12-23,Fertilizer,2024,12,4,Dec,2024-12,232.4925,0.04382399557748495,10521453,0.03826808953922317,4
2024-12-23,Technology,2024,12,4,Dec,2024-12,208.36249999999998,0.060665016652278914,22378124,0.03878951534539561,4
2024-12-24,Banking,2024,12,4,Dec,2024-12,172.10999999999999,-0.00964444940598579,5885786,0.030344067194390433,5
2024-12-24,Cement,2024,12,4,Dec,2024-12,378.0575,-0.02524811087809184,10669973,0.0362500171034949,4
2024-12-24,Energy,2024,12,4,Dec,2024-12,193.588,0.003998497432757908,110997859,0.04234068319328753,5
2024-12-24,Fertilizer,2024,12,4,Dec,2024-12,227.2625,-0.016870306672876756,11220012,0.03852415024102249,4
2024-12-24,Technology,2024,12,4,Dec,2024-12,206.6175,-0.0032763973355061926,35511682,0.039133240739609415,4
2024-12-26,Banking,2024,12,4,Dec,2024-12,173.442,-0.002786687917473052,5843556,0.030614432447457672,5
2024-12-26,Cement,2024,12,4,Dec,2024-12,360.27,-0.043246444557395236,9374374,0.03714779937673783,4
2024-12-26,Energy,2024,12,4,Dec,2024-12,186.844,-0.03354843688656535,44638215,0.0428958238319037,5
2024-12-26,Fertilizer,2024,12,4,Dec,2024-12,224.07999999999998,-0.01264901412156244,3939821,0.038693039242735094,4
2024-12-26,Technology,2024,12,4,Dec,2024-12,202.6825,0.017797540292930958,53946657,0.040033699137940214,4
2024-12-27,Banking,2024,12,4,Dec,2024-12,173.762,0.006010248858114209,5863151,0.030465529289800987,5
2024-12-27,Cement,2024,12,4,Dec,2024-12,366.0025,0.0309782802403612,14222174,0.037478096330451335,4
2024-12-27,Energy,2024,12,4,Dec,2024-12,189.144,0.015749015888156758,47309963,0.04262058570696433,5
2024-12-27,Fertilizer,2024,12,4,Dec,2024-12,224.4425,0.003154578012111442,3683177,0.03863411791723503,4
2024-12-27,Technology,2024,12,4,Dec,2024-12,202.62499999999997,0.016309942713334524,52963531,0.03933407708504459,4
2024-12-30,Banking,2024,12,4,Dec,2024-12,183.08999999999997,0.06510108479304319,13564358,0.03269638758399217,5
2024-12-30,Cement,2024,12,4,Dec,2024-12,378.65000000000003,0.05056775922248463,27769612,0.0385285890058249,4
2024-12-30,Energy,2024,12,4,Dec,2024-12,196.03000000000003,0.039081135092395504,56647691,0.04275280471974556,5
2024-12-30,Fertilizer,2024,12,4,Dec,2024-12,231.20999999999998,0.023824731910605773,8082905,0.039079435863963674,4
2024-12-30,Technology,2024,12,4,Dec,2024-12,211.595,0.0419560268399973,43431670,0.040553719639392735,4
